r,z,pressure,ne
180.3214286,0,2.6664,5.89E+14
187,0,2.6664,5.61E+14
225,0,2.6664,4.47E+14
166.9642857,0,2.6664,6.30E+14
173.6428571,0,2.6664,6.14E+14
160.2857143,0,2.6664,6.43E+14
153.6071429,0,2.6664,6.53E+14
146.9285714,0,2.6664,6.61E+14
140.25,0,2.6664,6.67E+14
133.5714286,0,2.6664,6.72E+14
126.8928571,0,2.6664,6.75E+14
120.2142857,0,2.6664,6.77E+14
113.5357143,0,2.6664,6.77E+14
106.8571429,0,2.6664,6.77E+14
100.1785714,0,2.6664,6.76E+14
93.5,0,2.6664,6.74E+14
86.82142857,0,2.6664,6.71E+14
80.14285714,0,2.6664,6.68E+14
73.46428571,0,2.6664,6.64E+14
66.78571429,0,2.6664,6.60E+14
60.10714286,0,2.6664,6.56E+14
53.42857143,0,2.6664,6.52E+14
46.75,0,2.6664,6.48E+14
40.07142857,0,2.6664,6.44E+14
33.39285714,0,2.6664,6.41E+14
26.71428571,0,2.6664,6.38E+14
20.03571429,0,2.6664,6.36E+14
13.35714286,0,2.6664,6.34E+14
6.678571429,0,2.6664,6.33E+14
0,0,2.6664,6.32E+14
224.727268,1.74E-17,2.6664,5.25E+14
224.3454431,4.19E-17,2.6664,6.39E+14
223.8108883,7.60E-17,2.6664,8.00E+14
223.0625116,1.24E-16,2.6664,1.03E+15
222.0147842,1.91E-16,2.6664,1.35E+15
195.9742829,0.045097657,2.6664,5.04E+15
6.678571429,0.258390454,2.6664,1.67E+15
0,0.258390454,2.6664,1.66E+15
13.35714286,0.26150672,2.6664,1.70E+15
20.03571429,0.267739253,2.6664,1.72E+15
140.25,0.273776342,2.6664,1.41E+15
133.5714286,0.27379988,2.6664,1.46E+15
146.9285714,0.27384241,2.6664,1.35E+15
126.8928571,0.273880775,2.6664,1.51E+15
120.2142857,0.273987512,2.6664,1.56E+15
153.6071429,0.274024354,2.6664,1.29E+15
113.5357143,0.274092872,2.6664,1.60E+15
106.8571429,0.274178413,2.6664,1.64E+15
26.71428571,0.274233792,2.6664,1.76E+15
100.1785714,0.274237429,2.6664,1.67E+15
93.5,0.274273892,2.6664,1.70E+15
86.82142857,0.274300984,2.6664,1.71E+15
160.2857143,0.274329765,2.6664,1.21E+15
80.14285714,0.274341574,2.6664,1.73E+15
73.46428571,0.27442577,2.6664,1.74E+15
40.07142857,0.274489875,2.6664,1.76E+15
66.78571429,0.274582436,2.6664,1.75E+15
166.9642857,0.274736284,2.6664,1.15E+15
60.10714286,0.274816027,2.6664,1.76E+15
46.75,0.275005839,2.6664,1.76E+15
53.42857143,0.2750432,2.6664,1.76E+15
33.39285714,0.275281815,2.6664,1.77E+15
173.6428571,0.349589517,2.6664,1.17E+15
0,0.620137089,2.6664,3.96E+15
6.678571429,0.620137089,2.6664,4.02E+15
13.35714286,0.627616128,2.6664,4.11E+15
20.03571429,0.642574207,2.6664,4.21E+15
140.25,0.65706322,2.6664,2.89E+15
133.5714286,0.657119711,2.6664,3.07E+15
146.9285714,0.657221784,2.6664,2.69E+15
126.8928571,0.65731386,2.6664,3.24E+15
120.2142857,0.657570029,2.6664,3.40E+15
153.6071429,0.657658449,2.6664,2.50E+15
113.5357143,0.657822893,2.6664,3.56E+15
106.8571429,0.658028191,2.6664,3.69E+15
26.71428571,0.6581611,2.6664,4.31E+15
100.1785714,0.65816983,2.6664,3.81E+15
93.5,0.658257342,2.6664,3.92E+15
86.82142857,0.65832236,2.6664,4.01E+15
160.2857143,0.658391436,2.6664,2.30E+15
80.14285714,0.658419778,2.6664,4.09E+15
73.46428571,0.658621847,2.6664,4.15E+15
40.07142857,0.658775699,2.6664,4.30E+15
66.78571429,0.658997846,2.6664,4.19E+15
166.9642857,0.659367082,2.6664,2.11E+15
60.10714286,0.659558466,2.6664,4.23E+15
46.75,0.660014013,2.6664,4.29E+15
53.42857143,0.66010368,2.6664,4.27E+15
33.39285714,0.660676356,2.6664,4.33E+15
180.3214286,0.766136039,2.6664,1.45E+15
173.6428571,0.839014842,2.6664,2.26E+15
0,1.126582378,2.6664,7.46E+15
6.678571429,1.126582378,2.6664,7.58E+15
13.35714286,1.140169299,2.6664,7.77E+15
20.03571429,1.167343142,2.6664,7.94E+15
140.25,1.19366485,2.6664,5.07E+15
133.5714286,1.193767475,2.6664,5.45E+15
146.9285714,1.193952908,2.6664,4.68E+15
126.8928571,1.19412018,2.6664,5.80E+15
120.2142857,1.194585552,2.6664,6.14E+15
153.6071429,1.194746183,2.6664,4.30E+15
113.5357143,1.195044923,2.6664,6.46E+15
106.8571429,1.195417881,2.6664,6.75E+15
26.71428571,1.195659331,2.6664,8.13E+15
100.1785714,1.195675191,2.6664,6.99E+15
93.5,1.195834171,2.6664,7.23E+15
86.82142857,1.195952288,2.6664,7.42E+15
160.2857143,1.196077775,2.6664,3.88E+15
80.14285714,1.196129263,2.6664,7.60E+15
73.46428571,1.196496355,2.6664,7.73E+15
40.07142857,1.196775854,2.6664,8.11E+15
66.78571429,1.19717942,2.6664,7.84E+15
166.9642857,1.197850198,2.6664,3.53E+15
60.10714286,1.198197879,2.6664,7.93E+15
46.75,1.199025457,2.6664,8.06E+15
53.42857143,1.199188351,2.6664,8.03E+15
33.39285714,1.200228714,2.6664,8.18E+15
173.6428571,1.524210296,2.6664,3.72E+15
0,1.835605782,2.6664,1.25E+16
6.678571429,1.835605782,2.6664,1.27E+16
180.3214286,1.838726493,2.6664,3.18E+15
13.35714286,1.857743739,2.6664,1.31E+16
20.03571429,1.902019652,2.6664,1.33E+16
140.25,1.944907131,2.6664,8.24E+15
133.5714286,1.945074345,2.6664,8.90E+15
146.9285714,1.945376482,2.6664,7.57E+15
126.8928571,1.945649027,2.6664,9.51E+15
120.2142857,1.946407285,2.6664,1.01E+16
153.6071429,1.94666901,2.6664,6.90E+15
113.5357143,1.947155764,2.6664,1.07E+16
106.8571429,1.947763447,2.6664,1.12E+16
26.71428571,1.948156855,2.6664,1.36E+16
100.1785714,1.948182696,2.6664,1.16E+16
93.5,1.948441731,2.6664,1.20E+16
86.82142857,1.948634187,2.6664,1.24E+16
160.2857143,1.94883865,2.6664,6.20E+15
80.14285714,1.948922543,2.6664,1.27E+16
73.46428571,1.949520667,2.6664,1.29E+16
40.07142857,1.94997607,2.6664,1.36E+16
66.78571429,1.950633623,2.6664,1.31E+16
166.9642857,1.951726562,2.6664,5.52E+15
60.10714286,1.952293058,2.6664,1.33E+16
46.75,1.953641479,2.6664,1.35E+16
53.42857143,1.953906892,2.6664,1.34E+16
33.39285714,1.955602015,2.6664,1.37E+16
191.8001421,2.123945735,2.6664,4.34E+15
173.6428571,2.483483932,2.6664,6.07E+15
219.4982918,2.490183468,2.6664,2.40E+15
209.3150995,2.773683388,2.6664,5.75E+15
201.8846884,2.801812959,2.6664,7.14E+15
0,2.828238549,2.6664,1.96E+16
6.678571429,2.828238549,2.6664,2.00E+16
13.35714286,2.862347955,2.6664,2.05E+16
20.03571429,2.930566766,2.6664,2.09E+16
140.25,2.996646325,2.6664,1.27E+16
133.5714286,2.996903963,2.6664,1.37E+16
146.9285714,2.997369485,2.6664,1.16E+16
126.8928571,2.997789413,2.6664,1.47E+16
120.2142857,2.99895771,2.6664,1.56E+16
153.6071429,2.999360968,2.6664,1.05E+16
113.5357143,3.000110943,2.6664,1.65E+16
106.8571429,3.001047239,2.6664,1.74E+16
26.71428571,3.001653388,2.6664,2.14E+16
100.1785714,3.001693204,2.6664,1.80E+16
93.5,3.002092316,2.6664,1.87E+16
86.82142857,3.002388845,2.6664,1.93E+16
160.2857143,3.002703875,2.6664,9.45E+15
80.14285714,3.002833134,2.6664,1.98E+16
73.46428571,3.003754703,2.6664,2.02E+16
40.07142857,3.004456373,2.6664,2.13E+16
66.78571429,3.005469508,2.6664,2.05E+16
166.9642857,3.007153471,2.6664,8.33E+15
60.10714286,3.008026309,2.6664,2.07E+16
46.75,3.010103909,2.6664,2.11E+16
53.42857143,3.010512848,2.6664,2.10E+16
33.39285714,3.013124636,2.6664,2.15E+16
183.0579565,3.948048381,2.6664,5.63E+15
3.973150503,4.002719909,2.6664,2.84E+16
14.92075556,4.123849469,2.6664,2.98E+16
34.3514048,4.248538037,2.6664,3.06E+16
21.12088286,4.249810813,2.6664,3.07E+16
8.300116187,4.304322671,2.6664,3.12E+16
27.84701587,4.310626435,2.6664,3.10E+16
40.9812225,4.370771601,2.6664,3.13E+16
94.3535766,4.460354082,2.6664,2.79E+16
47.53797376,4.478657142,2.6664,3.18E+16
74.21137952,4.495743195,2.6664,3.04E+16
54.42668768,4.504054399,2.6664,3.17E+16
87.68879245,4.505742863,2.6664,2.90E+16
100.9355997,4.518487768,2.6664,2.72E+16
127.6376,4.519882411,2.6664,2.20E+16
154.0228093,4.525007521,2.6664,1.57E+16
134.5396414,4.525465283,2.6664,2.05E+16
107.8398779,4.526612908,2.6664,2.61E+16
81.12268116,4.530539603,2.6664,3.00E+16
114.4117029,4.537800405,2.6664,2.50E+16
121.0813466,4.561276107,2.6664,2.37E+16
67.64506664,4.575852131,2.6664,3.14E+16
141.1095032,4.576186908,2.6664,1.91E+16
60.98319463,4.584778501,2.6664,3.19E+16
0,4.594050799,2.6664,3.24E+16
147.7601064,4.605925175,2.6664,1.76E+16
161.674881,5.034870503,2.6664,1.53E+16
176.5550866,5.11844689,2.6664,1.13E+16
197.4232002,5.207879975,2.6664,9.04E+15
188.7157205,5.319440847,2.6664,7.27E+15
169.7212662,5.555563082,2.6664,1.43E+16
14.68469236,5.990412773,2.6664,4.31E+16
4.568829957,5.992545412,2.6664,4.32E+16
215.3022989,6.274621367,2.6664,4.69E+15
20.740539,6.310623065,2.6664,4.58E+16
32.71445955,6.330161895,2.6664,4.57E+16
27.08901844,6.369789011,2.6664,4.61E+16
39.99264921,6.463278746,2.6664,4.64E+16
222.0262421,6.615218572,2.6664,1.79E+15
224.7283148,6.615218572,2.6664,5.89E+14
225,6.615218572,2.6664,4.80E+14
223.8154524,6.615218572,2.6664,9.87E+14
224.3479554,6.615218572,2.6664,7.54E+14
223.0699481,6.615218572,2.6664,1.32E+15
46.80245545,6.633297227,2.6664,4.73E+16
53.44620422,6.681818489,2.6664,4.72E+16
93.48066539,6.752290446,2.6664,4.25E+16
100.1621612,6.776046917,2.6664,4.11E+16
126.8830457,6.789992717,2.6664,3.34E+16
106.8474581,6.795262701,2.6664,3.96E+16
113.5282051,6.797289956,2.6664,3.77E+16
133.5582764,6.797494987,2.6664,3.11E+16
73.45406805,6.802464109,2.6664,4.62E+16
80.12840584,6.804246336,2.6664,4.53E+16
120.2050443,6.868007232,2.6664,3.60E+16
86.80665385,6.87472935,2.6664,4.46E+16
153.3244123,6.88631012,2.6664,2.40E+16
60.11246595,6.908363248,2.6664,4.83E+16
140.2286873,6.941839266,2.6664,2.93E+16
66.7800854,6.947241476,2.6664,4.80E+16
194.0845812,6.949139628,2.6664,1.06E+16
146.8611387,7.090621868,2.6664,2.73E+16
0,7.493953556,2.6664,5.35E+16
202.9822036,7.657434466,2.6664,9.84E+15
159.4700415,7.772474558,2.6664,2.45E+16
10.08818968,7.991418363,2.6664,5.78E+16
184.9921664,8.805106909,2.6664,1.51E+16
166.3578055,8.907009889,2.6664,2.46E+16
219.3183569,9.31452263,2.6664,3.40E+15
43.56078369,9.685289855,2.6664,6.95E+16
179.5184529,9.704873516,2.6664,1.97E+16
5.189005082,9.720912242,2.6664,7.02E+16
23.81730986,9.831308632,2.6664,7.13E+16
210.2897586,9.850513133,2.6664,8.08E+15
173.0310515,10.03374547,2.6664,2.38E+16
103.5010361,10.10177156,2.6664,6.00E+16
110.185682,10.12005548,2.6664,5.75E+16
130.2149534,10.13346821,2.6664,4.80E+16
76.77131271,10.14316951,2.6664,6.82E+16
96.82118545,10.16140608,2.6664,6.28E+16
36.68507861,10.17813998,2.6664,7.33E+16
116.867998,10.19058928,2.6664,5.49E+16
123.5367569,10.21591065,2.6664,5.18E+16
83.45395153,10.21710069,2.6664,6.71E+16
90.12344821,10.2745842,2.6664,6.56E+16
136.8842312,10.29127204,2.6664,4.51E+16
70.09503997,10.30191607,2.6664,7.06E+16
192.028677,10.31525505,2.6664,1.52E+16
16.78549587,10.33068056,2.6664,7.49E+16
63.44406218,10.3703127,2.6664,7.21E+16
30.18093379,10.37415812,2.6664,7.48E+16
50.22142958,10.52013789,2.6664,7.46E+16
56.80361791,10.84329341,2.6664,7.61E+16
150.3393608,10.91192168,2.6664,3.97E+16
198.889153,10.95567855,2.6664,1.37E+16
143.5980581,10.97721712,2.6664,4.40E+16
156.9346436,11.33793662,2.6664,3.70E+16
0,11.69169824,2.6664,8.33E+16
163.3979754,12.70262701,2.6664,3.67E+16
215.9510513,12.70724955,2.6664,5.90E+15
205.5301131,12.8679669,2.6664,1.20E+16
10.75704013,12.94774001,2.6664,9.33E+16
222.0338091,13.23043714,2.6664,2.29E+15
224.7290061,13.23043714,2.6664,6.55E+14
225,13.23043714,2.6664,5.10E+14
223.8184666,13.23043714,2.6664,1.19E+15
224.3496146,13.23043714,2.6664,8.77E+14
223.0748593,13.23043714,2.6664,1.65E+15
220.0906631,14.09705039,2.6664,3.62E+15
21.02780909,14.2985228,2.6664,1.02E+17
170.0308352,14.82933486,2.6664,3.73E+16
100.1744233,15.00668868,2.6664,9.04E+16
106.880694,15.04521222,2.6664,8.68E+16
126.9209386,15.06901998,2.6664,7.33E+16
113.5753177,15.09043478,2.6664,8.29E+16
73.4649091,15.13319641,2.6664,1.02E+17
183.0290857,15.14054676,2.6664,2.76E+16
80.10454612,15.15116751,2.6664,1.00E+17
133.5869438,15.21518438,2.6664,6.87E+16
86.78878199,15.24848128,2.6664,9.81E+16
140.2370011,15.25032759,2.6664,6.35E+16
40.08724163,15.29404318,2.6664,1.09E+17
93.45887366,15.32900062,2.6664,9.56E+16
147.0392467,15.4169636,2.6664,5.84E+16
66.7660673,15.46432013,2.6664,1.06E+17
47.0513781,15.49051462,2.6664,1.09E+17
120.2293224,15.50660181,2.6664,8.03E+16
16.20132093,15.6156802,2.6664,1.12E+17
188.8830168,15.97091632,2.6664,2.49E+16
175.9729965,16.12705236,2.6664,3.52E+16
5.365570751,16.15244298,2.6664,1.15E+17
60.06415975,16.28352333,2.6664,1.13E+17
211.3349807,16.30487952,2.6664,1.01E+16
34.02684296,16.33874721,2.6664,1.16E+17
153.8040551,16.39078918,2.6664,5.56E+16
194.8060768,16.54951299,2.6664,2.15E+16
200.3545979,16.66285836,2.6664,1.78E+16
27.13632652,16.9245958,2.6664,1.21E+17
53.57860729,16.92985094,2.6664,1.18E+17
160.3487553,17.44059579,2.6664,5.27E+16
166.9343755,18.8649027,2.6664,5.00E+16
0,19.06657191,2.6664,1.34E+17
206.0362767,19.57426766,2.6664,1.57E+16
217.1411437,19.63491253,2.6664,6.74E+15
10.82693674,19.64261275,2.6664,1.38E+17
222.0359639,19.84565571,2.6664,2.83E+15
224.729203,19.84565571,2.6664,7.18E+14
225,19.84565571,2.6664,5.36E+14
223.8193249,19.84565571,2.6664,1.41E+15
224.3500871,19.84565571,2.6664,1.00E+15
223.0762578,19.84565571,2.6664,2.00E+15
21.45718387,20.36363595,2.6664,1.43E+17
220.2096053,20.5475225,2.6664,4.40E+15
173.5616967,21.48035493,2.6664,4.87E+16
70.39817555,21.96555353,2.6664,1.46E+17
96.97949878,21.96963733,2.6664,1.32E+17
32.03383482,22.04578619,2.6664,1.53E+17
117.2547528,22.04711349,2.6664,1.15E+17
143.5288702,22.10294694,2.6664,8.61E+16
90.1220312,22.11685168,2.6664,1.37E+17
130.5492458,22.12031656,2.6664,1.01E+17
110.4781732,22.15583368,2.6664,1.22E+17
63.09483866,22.1783002,2.6664,1.50E+17
77.05729929,22.19542994,2.6664,1.45E+17
103.7920592,22.2204789,2.6664,1.28E+17
83.50507366,22.29087389,2.6664,1.42E+17
198.9188755,22.3080739,2.6664,2.39E+16
137.1097132,22.31322833,2.6664,9.46E+16
191.9756263,22.33396329,2.6664,3.06E+16
123.5375268,22.39048111,2.6664,1.10E+17
150.5886303,22.48589771,2.6664,7.88E+16
179.9118833,22.55202737,2.6664,4.36E+16
157.4216916,22.60267588,2.6664,7.07E+16
186.4664688,22.68111292,2.6664,3.67E+16
163.5997904,22.74464335,2.6664,6.35E+16
213.0615407,23.19436737,2.6664,1.12E+16
56.80683847,23.50593941,2.6664,1.59E+17
5.420442549,23.84512276,2.6664,1.65E+17
38.29623396,24.7890471,2.6664,1.70E+17
44.78231348,24.86867015,2.6664,1.70E+17
50.52421995,24.93569698,2.6664,1.70E+17
27.41037123,25.22001168,2.6664,1.73E+17
16.28425077,25.46052923,2.6664,1.75E+17
170.5151981,25.84311645,2.6664,6.14E+16
206.2214044,25.95460662,2.6664,1.91E+16
193.9720168,26.07034728,2.6664,3.25E+16
217.4863512,26.10629562,2.6664,7.79E+15
222.0352157,26.46087429,2.6664,3.36E+15
224.7291346,26.46087429,2.6664,7.78E+14
225,26.46087429,2.6664,5.60E+14
223.8190269,26.46087429,2.6664,1.62E+15
224.349923,26.46087429,2.6664,1.12E+15
223.0757722,26.46087429,2.6664,2.34E+15
220.2428786,27.28101839,2.6664,5.23E+15
182.5132716,27.47431043,2.6664,4.83E+16
188.500877,27.65951122,2.6664,4.08E+16
177.0759098,28.02705317,2.6664,5.65E+16
0,28.32417332,2.6664,1.90E+17
199.0661296,29.01096108,2.6664,2.92E+16
10.8954825,29.35728728,2.6664,1.97E+17
212.9022315,29.49045221,2.6664,1.34E+16
21.89476054,30.40838715,2.6664,2.03E+17
193.195395,31.00808605,2.6664,3.82E+16
120.5277207,31.11763199,2.6664,1.50E+17
66.74154307,31.13305231,2.6664,1.99E+17
114.1006846,31.15121819,2.6664,1.59E+17
73.46114622,31.15715269,2.6664,1.95E+17
146.653959,31.15765098,2.6664,1.11E+17
140.4790979,31.16786978,2.6664,1.21E+17
93.67682494,31.19032673,2.6664,1.81E+17
133.6492095,31.20192694,2.6664,1.32E+17
127.3803824,31.20565652,2.6664,1.41E+17
59.78641601,31.22274116,2.6664,2.02E+17
100.1799349,31.22428158,2.6664,1.75E+17
107.1934742,31.26941055,2.6664,1.68E+17
87.10433696,31.30191336,2.6664,1.87E+17
153.5561438,31.40771942,2.6664,1.00E+17
34.11349275,31.44199045,2.6664,2.08E+17
80.20210719,31.44334166,2.6664,1.93E+17
160.3368915,31.62405317,2.6664,8.92E+16
53.8658075,31.82396857,2.6664,2.06E+17
167.4121866,31.85365867,2.6664,7.81E+16
186.8596638,32.3838627,2.6664,4.85E+16
180.2184929,32.55656769,2.6664,5.87E+16
207.4491679,32.6314574,2.6664,2.10E+16
47.58065208,32.74659837,2.6664,2.12E+17
217.7848677,32.78022092,2.6664,8.70E+15
222.0346041,33.07609286,2.6664,3.85E+15
224.7290787,33.07609286,2.6664,8.31E+14
225,33.07609286,2.6664,5.82E+14
223.8187832,33.07609286,2.6664,1.82E+15
224.3497889,33.07609286,2.6664,1.24E+15
223.0753753,33.07609286,2.6664,2.66E+15
174.3478357,33.17332209,2.6664,6.90E+16
41.95397045,33.20243825,2.6664,2.15E+17
5.468068794,33.91598093,2.6664,2.20E+17
220.4054225,34.03824633,2.6664,5.82E+15
191.8498733,35.28835894,2.6664,4.39E+16
16.45061064,35.38761098,2.6664,2.27E+17
27.74820127,35.62453367,2.6664,2.28E+17
198.9238093,35.63547509,2.6664,3.40E+16
214.1284758,36.21379558,2.6664,1.38E+16
183.072399,37.55355047,2.6664,6.00E+16
143.4773408,37.61828107,2.6664,1.33E+17
137.1288574,37.62082905,2.6664,1.45E+17
38.24090168,37.63505961,2.6664,2.35E+17
187.9213558,37.64428272,2.6664,5.20E+16
130.6491494,37.6982348,2.6664,1.56E+17
124.0243471,37.76115884,2.6664,1.68E+17
149.9235358,37.76188984,2.6664,1.21E+17
117.3256017,37.81600407,2.6664,1.79E+17
70.02888847,37.82570064,2.6664,2.27E+17
110.6012586,37.86085757,2.6664,1.88E+17
76.87385396,37.86611977,2.6664,2.23E+17
83.65590015,37.88664921,2.6664,2.18E+17
63.27471022,37.88826615,2.6664,2.30E+17
103.8715546,37.89022654,2.6664,1.97E+17
90.40605491,37.89982246,2.6664,2.12E+17
97.14129,37.90257005,2.6664,2.05E+17
56.60343845,37.91545533,2.6664,2.32E+17
50.0274104,37.93949876,2.6664,2.34E+17
156.5759771,37.94593559,2.6664,1.09E+17
176.9442395,37.97442258,2.6664,7.11E+16
43.68294116,38.05219512,2.6664,2.36E+17
163.4034617,38.10807094,2.6664,9.63E+16
170.3866406,38.24712843,2.6664,8.34E+16
0,38.85257872,2.6664,2.40E+17
10.99997165,39.30960523,2.6664,2.43E+17
208.9733343,39.37964582,2.6664,2.15E+16
222.0371635,39.69131143,2.6664,4.22E+15
224.7293126,39.69131143,2.6664,8.75E+14
225,39.69131143,2.6664,6.01E+14
223.0770364,39.69131143,2.6664,2.90E+15
223.8198027,39.69131143,2.6664,1.97E+15
224.3503501,39.69131143,2.6664,1.32E+15
217.8395803,39.69211539,2.6664,9.62E+15
192.623894,40.06132295,2.6664,4.63E+16
22.01794544,40.39400138,2.6664,2.47E+17
33.37268249,40.50885629,2.6664,2.46E+17
220.4057995,40.56718424,2.6664,6.38E+15
180.3742915,41.90708318,2.6664,6.89E+16
199.995845,42.43904369,2.6664,3.57E+16
140.4459064,42.65774681,2.6664,1.50E+17
146.3303509,42.81755042,2.6664,1.38E+17
47.1769671,42.8598208,2.6664,2.51E+17
134.2764275,42.90905562,2.6664,1.62E+17
214.2979673,42.96529803,2.6664,1.48E+16
127.7144599,42.98367873,2.6664,1.75E+17
186.2918642,42.99059551,2.6664,5.91E+16
121.0010635,43.03583358,2.6664,1.87E+17
114.2599098,43.09069604,2.6664,1.98E+17
107.5063581,43.13147909,2.6664,2.08E+17
66.60394408,43.15038036,2.6664,2.46E+17
100.7537745,43.15682596,2.6664,2.17E+17
53.19633537,43.16051848,2.6664,2.51E+17
73.57269683,43.16496716,2.6664,2.42E+17
80.4357166,43.16638989,2.6664,2.37E+17
94.00008776,43.16769029,2.6664,2.25E+17
87.23400238,43.16854148,2.6664,2.32E+17
152.8699323,43.18104446,2.6664,1.25E+17
59.67740459,43.31698899,2.6664,2.49E+17
159.7098353,43.45319846,2.6664,1.12E+17
166.8005372,43.70525662,2.6664,9.72E+16
16.51761143,43.78403129,2.6664,2.57E+17
27.70074578,43.785994,2.6664,2.57E+17
5.492516059,43.80711828,2.6664,2.57E+17
39.76355612,43.81558387,2.6664,2.56E+17
174.657145,44.36232074,2.6664,8.22E+16
192.8735889,45.96789579,2.6664,4.90E+16
207.9344988,46.25247304,2.6664,2.46E+16
217.918155,46.30496277,2.6664,1.02E+16
222.0478902,46.30653,2.6664,4.48E+15
224.7302926,46.30653,2.6664,9.10E+14
225,46.30653,2.6664,6.20E+14
223.0839983,46.30653,2.6664,3.07E+15
223.8240756,46.30653,2.6664,2.08E+15
224.3527021,46.30653,2.6664,1.39E+15
143.3530459,46.74949528,2.6664,1.50E+17
50.09256168,47.02136349,2.6664,2.61E+17
22.11012152,47.16043654,2.6664,2.64E+17
11.02330089,47.18662535,2.6664,2.65E+17
220.4836855,47.20959794,2.6664,6.67E+15
33.52204075,47.22066805,2.6664,2.64E+17
0,47.25481549,2.6664,2.64E+17
180.8158659,47.31016498,2.6664,7.20E+16
148.8270304,47.97637191,2.6664,1.40E+17
138.1090685,48.23487985,2.6664,1.63E+17
131.6358859,48.26145827,2.6664,1.76E+17
124.8084359,48.28139614,2.6664,1.89E+17
117.9824799,48.31233465,2.6664,2.02E+17
111.1984563,48.35826957,2.6664,2.13E+17
104.4211834,48.38939675,2.6664,2.23E+17
97.64948597,48.40878364,2.6664,2.32E+17
45.04771307,48.40939696,2.6664,2.65E+17
90.86890334,48.42273134,2.6664,2.40E+17
84.06541966,48.43779021,2.6664,2.46E+17
77.21618527,48.46417839,2.6664,2.52E+17
70.27738063,48.51511903,2.6664,2.56E+17
162.5081814,48.57623364,2.6664,1.11E+17
63.06806855,48.64569405,2.6664,2.60E+17
155.8520309,49.13466559,2.6664,1.26E+17
55.36436449,49.15147465,2.6664,2.64E+17
201.0570336,49.56559429,2.6664,3.61E+16
169.3167034,49.65627993,2.6664,9.69E+16
186.5690099,49.89705363,2.6664,6.20E+16
214.5452416,50.04762377,2.6664,1.52E+16
16.56646812,50.54492574,2.6664,2.70E+17
27.74443554,50.54570046,2.6664,2.69E+17
5.515561311,50.58949206,2.6664,2.69E+17
39.18342234,50.73129341,2.6664,2.69E+17
175.6208566,51.14032967,2.6664,8.43E+16
49.72158763,51.66420262,2.6664,2.68E+17
143.4492708,52.6327373,2.6664,1.56E+17
159.851684,52.9169668,2.6664,1.19E+17
222.0719987,52.92174857,2.6664,4.57E+15
224.7324951,52.92174857,2.6664,9.33E+14
225,52.92174857,2.6664,6.36E+14
223.0996454,52.92174857,2.6664,3.14E+15
223.8336788,52.92174857,2.6664,2.12E+15
224.3579883,52.92174857,2.6664,1.42E+15
217.8110561,52.98470446,2.6664,1.06E+16
193.3982733,53.08164826,2.6664,4.99E+16
208.7375711,53.11763263,2.6664,2.41E+16
150.6077691,53.30271064,2.6664,1.40E+17
128.7637707,53.56053789,2.6664,1.87E+17
181.3327795,53.56778278,2.6664,7.31E+16
121.7840316,53.57569749,2.6664,2.00E+17
114.9198432,53.60503135,2.6664,2.12E+17
136.1502494,53.61671706,2.6664,1.72E+17
108.1059985,53.63381417,2.6664,2.23E+17
101.3116671,53.65575489,2.6664,2.33E+17
94.51809345,53.67498984,2.6664,2.41E+17
87.71382655,53.69689174,2.6664,2.48E+17
80.88237365,53.73399465,2.6664,2.55E+17
74.00944704,53.80463405,2.6664,2.59E+17
22.11758918,53.91400434,2.6664,2.72E+17
11.04723056,53.93880914,2.6664,2.72E+17
33.36740217,53.94028378,2.6664,2.71E+17
67.08456833,53.9490859,2.6664,2.63E+17
220.445517,53.95221096,2.6664,6.88E+15
0,54.00065546,2.6664,2.71E+17
164.9237239,54.1069967,2.6664,1.08E+17
44.52362093,54.1072889,2.6664,2.70E+17
60.17886231,54.2801768,2.6664,2.66E+17
155.9899445,54.48597243,2.6664,1.28E+17
171.0510719,54.97301545,2.6664,9.48E+16
53.84619397,55.00543681,2.6664,2.68E+17
48.96713908,56.03568677,2.6664,2.69E+17
186.8126442,56.32348015,2.6664,6.24E+16
213.3149047,56.58918575,2.6664,1.72E+16
201.7884021,56.66483804,2.6664,3.53E+16
176.5162206,57.00569702,2.6664,8.32E+16
27.65095943,57.25759699,2.6664,2.71E+17
39.00510948,57.27346638,2.6664,2.71E+17
16.58251274,57.28278356,2.6664,2.71E+17
5.528953915,57.34132426,2.6664,2.71E+17
159.9620295,58.22481225,2.6664,1.19E+17
146.8179657,58.58959121,2.6664,1.49E+17
139.7731116,58.62680562,2.6664,1.64E+17
132.6346247,58.80597819,2.6664,1.79E+17
125.5764132,58.84011706,2.6664,1.93E+17
153.6758382,58.85033763,2.6664,1.33E+17
118.6502977,58.86487641,2.6664,2.06E+17
111.7950709,58.89098389,2.6664,2.18E+17
104.9759982,58.91300478,2.6664,2.28E+17
98.17383076,58.93017645,2.6664,2.37E+17
91.36990426,58.94940551,2.6664,2.45E+17
84.55215795,58.98049991,2.6664,2.51E+17
77.71444134,59.03776247,2.6664,2.56E+17
70.87035043,59.14028477,2.6664,2.60E+17
166.9067743,59.19293764,2.6664,1.04E+17
64.10030999,59.31407839,2.6664,2.64E+17
217.5145937,59.34357654,2.6664,1.10E+16
193.2402442,59.43926207,2.6664,4.99E+16
222.1283981,59.53696714,2.6664,4.48E+15
224.7376478,59.53696714,2.6664,9.42E+14
225,59.53696714,2.6664,6.52E+14
223.1362502,59.53696714,2.6664,3.08E+15
223.8561445,59.53696714,2.6664,2.10E+15
224.3703548,59.53696714,2.6664,1.42E+15
57.60966825,59.61532601,2.6664,2.65E+17
172.1896189,59.64243917,2.6664,9.18E+16
181.6748565,59.70714033,2.6664,7.21E+16
51.64449727,60.05754467,2.6664,2.66E+17
208.2731655,60.09459231,2.6664,2.46E+16
45.21675379,60.5288876,2.6664,2.67E+17
33.09931681,60.61414097,2.6664,2.68E+17
22.0911926,60.63318709,2.6664,2.68E+17
11.06738978,60.67236825,2.6664,2.68E+17
0,60.74685042,2.6664,2.68E+17
220.3905239,60.88867308,2.6664,6.86E+15
187.0551088,62.39917132,2.6664,6.06E+16
200.3202782,62.9745847,2.6664,3.69E+16
176.3487773,63.38005344,2.6664,8.15E+16
38.68940628,63.82718402,2.6664,2.62E+17
27.55082698,63.91253859,2.6664,2.62E+17
213.0078001,63.94698478,2.6664,1.71E+16
163.3392944,63.96294149,2.6664,1.09E+17
156.7799225,63.98020428,2.6664,1.23E+17
16.60568687,63.98426552,2.6664,2.62E+17
143.228827,64.04962584,2.6664,1.53E+17
150.1724085,64.07280492,2.6664,1.38E+17
5.541928835,64.07740455,2.6664,2.62E+17
136.254731,64.09050643,2.6664,1.68E+17
129.2759673,64.13468611,2.6664,1.81E+17
122.3433319,64.1549558,2.6664,1.94E+17
115.4653951,64.17285557,2.6664,2.06E+17
108.6249602,64.19188908,2.6664,2.17E+17
170.016467,64.20027667,2.6664,9.42E+16
101.8054485,64.20936916,2.6664,2.26E+17
94.99461791,64.22570602,2.6664,2.34E+17
88.18239083,64.24619336,2.6664,2.41E+17
81.3597866,64.28289956,2.6664,2.47E+17
74.52950157,64.34685001,2.6664,2.51E+17
67.73432165,64.43236214,2.6664,2.54E+17
49.5000328,64.43953902,2.6664,2.59E+17
61.1097157,64.48303256,2.6664,2.57E+17
54.72719554,64.71859716,2.6664,2.58E+17
182.1131271,65.44846306,2.6664,6.87E+16
192.894898,65.82728933,2.6664,4.85E+16
222.2186075,66.15001941,2.6664,4.20E+15
223.1947986,66.15001941,2.6664,2.92E+15
224.7458894,66.15001941,2.6664,9.39E+14
225,66.15001941,2.6664,6.66E+14
223.892078,66.15001941,2.6664,2.01E+15
224.3901347,66.15001941,2.6664,1.38E+15
32.85158756,67.14465679,2.6664,2.54E+17
217.461411,67.1792813,2.6664,1.05E+16
22.11613456,67.27243813,2.6664,2.54E+17
11.10052145,67.37333597,2.6664,2.53E+17
206.5259676,67.45746347,2.6664,2.59E+16
198.8048754,67.73797042,2.6664,3.76E+16
44.3118669,68.03966395,2.6664,2.51E+17
187.3964638,68.16704643,2.6664,5.69E+16
178.5780009,68.61930202,2.6664,7.31E+16
220.6417214,68.84091647,2.6664,6.09E+15
173.3073761,69.06689931,2.6664,8.31E+16
50.89600468,69.2693307,2.6664,2.46E+17
160.1200264,69.33668299,2.6664,1.10E+17
166.8259105,69.34181893,2.6664,9.59E+16
0,69.35626511,2.6664,2.47E+17
153.4088017,69.42904461,2.6664,1.24E+17
37.97510727,69.45080124,2.6664,2.47E+17
146.6113346,69.46219977,2.6664,1.38E+17
139.7335898,69.47124474,2.6664,1.52E+17
132.8383115,69.48503678,2.6664,1.65E+17
125.946023,69.49455738,2.6664,1.78E+17
119.0745806,69.50233345,2.6664,1.90E+17
112.2283111,69.51423305,2.6664,2.01E+17
105.3997607,69.52849637,2.6664,2.10E+17
98.58068256,69.54227724,2.6664,2.18E+17
91.76368212,69.55717446,2.6664,2.25E+17
84.94191462,69.57790504,2.6664,2.31E+17
57.57601103,69.60789064,2.6664,2.44E+17
78.11208909,69.613719,2.6664,2.36E+17
71.28004686,69.6625854,2.6664,2.39E+17
64.46415767,69.68966231,2.6664,2.42E+17
27.60788411,70.38251209,2.6664,2.43E+17
211.0922486,70.47822215,2.6664,1.84E+16
192.8106957,70.53853006,2.6664,4.59E+16
5.712810543,70.93495596,2.6664,2.42E+17
182.781299,70.97924616,2.6664,6.30E+16
16.8032401,72.15808959,2.6664,2.37E+17
199.3608703,72.45668679,2.6664,3.44E+16
222.7694565,72.56101639,2.6664,3.21E+15
223.631029,72.56101639,2.6664,2.16E+15
224.246438,72.56101639,2.6664,1.49E+15
224.6860158,72.56101639,2.6664,9.85E+14
225,72.56101639,2.6664,6.78E+14
216.2045691,72.81174099,2.6664,1.12E+16
188.4027956,73.59918227,2.6664,5.08E+16
205.1028612,73.81000895,2.6664,2.54E+16
41.19193073,74.13270542,2.6664,2.29E+17
46.91246864,74.21119221,2.6664,2.28E+17
11.15482991,74.32859031,2.6664,2.27E+17
170.5743329,75.00065845,2.6664,8.05E+16
177.7104539,75.03701927,2.6664,6.76E+16
53.61555605,75.19083865,2.6664,2.22E+17
220.5162854,75.31228089,2.6664,5.55E+15
61.34134598,75.47053025,2.6664,2.20E+17
33.5299539,75.50029892,2.6664,2.22E+17
193.4203825,75.88667705,2.6664,4.09E+16
122.5312271,76.08895583,2.6664,1.65E+17
88.3214691,76.1177373,2.6664,2.04E+17
136.0714063,76.20605762,2.6664,1.42E+17
74.78597241,76.21217864,2.6664,2.12E+17
109.0015356,76.23811573,2.6664,1.83E+17
81.49495308,76.26536008,2.6664,2.08E+17
143.1133026,76.27755592,2.6664,1.29E+17
115.5256336,76.28432499,2.6664,1.74E+17
95.3991446,76.28935995,2.6664,1.98E+17
157.1171997,76.30832227,2.6664,1.03E+17
102.0652796,76.33989179,2.6664,1.91E+17
150.0872653,76.35071275,2.6664,1.16E+17
129.4266768,76.35138872,2.6664,1.53E+17
22.78769228,76.42864911,2.6664,2.17E+17
67.93103302,76.44319003,2.6664,2.13E+17
209.8259096,76.48829809,2.6664,1.80E+16
163.5393347,76.49297903,2.6664,9.08E+16
183.4051514,76.55636468,2.6664,5.57E+16
225,78.326359,2.6664,6.86E+14
224.3224873,78.326359,2.6664,1.18E+15
223.3739695,78.326359,2.6664,2.07E+15
27.44554796,78.53781471,2.6664,2.06E+17
216.101807,79.10512884,2.6664,9.74E+15
199.5004392,79.30947083,2.6664,2.96E+16
221.4701419,79.67869969,2.6664,3.64E+15
205.9151077,80.12439365,2.6664,2.10E+16
0,80.40561449,2.6664,1.92E+17
210.6403155,81.26145715,2.6664,1.49E+16
187.616135,81.55545733,2.6664,4.33E+16
193.597832,82.24709675,2.6664,3.43E+16
57.57197084,82.29141375,2.6664,1.85E+17
225,83.2,2.6664,7.04E+14
218.1744607,83.23013645,2.6664,6.39E+15
43.52653501,83.45675471,2.6664,1.79E+17
180.539682,83.5383071,2.6664,5.00E+16
50.4527317,83.54061263,2.6664,1.78E+17
17.05457552,83.56125852,2.6664,1.77E+17
37.14736496,83.86889453,2.6664,1.77E+17
174.0117863,83.93243595,2.6664,5.85E+16
213.4361342,84.20552681,2.6664,1.07E+16
167.5748905,84.64677558,2.6664,6.62E+16
153.6834395,84.78308237,2.6664,8.62E+16
5.744549729,84.94541048,2.6664,1.68E+17
30.49025468,84.98470765,2.6664,1.70E+17
221.6133475,85.08916236,2.6664,1.97E+15
64.2850982,85.24349373,2.6664,1.66E+17
118.99574,85.38347534,2.6664,1.31E+17
91.95009445,85.40666682,2.6664,1.54E+17
125.863718,85.48155524,2.6664,1.22E+17
105.5558209,85.48443464,2.6664,1.44E+17
78.38954993,85.50211392,2.6664,1.60E+17
85.09002372,85.5273497,2.6664,1.57E+17
139.4178575,85.53105174,2.6664,1.04E+17
146.7296552,85.55235275,2.6664,9.38E+16
112.4693997,85.60613408,2.6664,1.36E+17
71.40460423,85.62152777,2.6664,1.62E+17
98.65397165,85.65249895,2.6664,1.48E+17
132.5648131,85.7171201,2.6664,1.13E+17
208.7982868,85.8798976,2.6664,1.45E+16
160.2631397,85.8851993,2.6664,7.35E+16
23.4264714,86.32746183,2.6664,1.61E+17
202.8489049,86.47435229,2.6664,2.00E+16
217.5313319,87.46598836,2.6664,6.11E+15
225,87.8,2.6664,7.04E+14
196.7353545,87.97164809,2.6664,2.46E+16
11.15570146,88.52024597,2.6664,1.48E+17
190.5370721,89.17014577,2.6664,2.94E+16
221.2212701,89.65038369,2.6664,2.22E+15
0,89.69560361,2.6664,1.37E+17
183.8393149,89.87080491,2.6664,3.51E+16
54.26924349,90.63461118,2.6664,1.32E+17
47.48159497,90.67734218,2.6664,1.32E+17
17.02301516,90.74108286,2.6664,1.32E+17
177.0722967,90.89761672,2.6664,4.01E+16
212.8219765,90.93864285,2.6664,8.58E+15
60.83153811,91.38852059,2.6664,1.26E+17
34.06986683,91.58529636,2.6664,1.26E+17
223.576144,91.63855729,2.6664,1.19E+15
217.9208024,91.68207798,2.6664,4.65E+15
224.4067267,91.80365558,2.6664,8.85E+14
225,91.92158293,2.6664,6.86E+14
170.5259555,92.06285846,2.6664,4.41E+16
40.73566651,92.28080699,2.6664,1.21E+17
156.8090407,92.28268915,2.6664,5.76E+16
5.608358413,92.30942719,2.6664,1.20E+17
143.1540132,92.32345309,2.6664,7.17E+16
149.9999017,92.37092364,2.6664,6.45E+16
74.92065195,92.38720645,2.6664,1.16E+17
164.0866544,92.40172042,2.6664,4.98E+16
109.025003,92.52898467,2.6664,1.00E+17
102.2041119,92.53578933,2.6664,1.05E+17
136.3298679,92.55382485,2.6664,7.75E+16
81.75994115,92.57737566,2.6664,1.13E+17
206.169391,92.58458294,2.6664,1.24E+16
68.05367927,92.58777632,2.6664,1.17E+17
115.8463157,92.61903195,2.6664,9.49E+16
95.38125204,92.63283618,2.6664,1.08E+17
122.6673513,92.70120713,2.6664,8.91E+16
88.55958457,92.71813975,2.6664,1.10E+17
129.4876379,92.72705241,2.6664,8.30E+16
27.40188863,93.08647554,2.6664,1.15E+17
21.81243782,93.1084828,2.6664,1.15E+17
221.2261825,93.97415706,2.6664,2.46E+15
199.9697379,94.56578379,2.6664,1.49E+16
193.6572497,94.7977009,2.6664,1.89E+16
11.21644389,94.80864666,2.6664,1.02E+17
223.0397924,95.58106078,2.6664,1.51E+15
216.0837096,95.77504177,2.6664,4.64E+15
223.7969447,95.89446184,2.6664,1.15E+15
224.3377677,96.11831974,2.6664,9.32E+14
224.7240699,96.27821824,2.6664,7.78E+14
225,96.39243145,2.6664,6.76E+14
0,96.44802976,2.6664,8.92E+16
51.29489876,96.94342052,2.6664,8.63E+16
180.3567225,96.96759034,2.6664,2.44E+16
71.54321258,96.97952895,2.6664,8.44E+16
57.8473146,97.04228177,2.6664,8.54E+16
167.0495913,97.06717996,2.6664,3.34E+16
210.5075046,97.07653032,2.6664,6.81E+15
186.9139809,97.0957122,2.6664,1.99E+16
44.61049435,97.20784709,2.6664,8.47E+16
78.37145652,97.26580039,2.6664,8.12E+16
64.71379415,97.38457537,2.6664,8.24E+16
160.2056527,97.40165821,2.6664,3.73E+16
153.3900238,97.42438223,2.6664,4.21E+16
146.5737118,97.45606864,2.6664,4.69E+16
37.71785302,97.49946171,2.6664,8.27E+16
139.7574153,97.5011859,2.6664,5.15E+16
105.6655028,97.55442354,2.6664,7.08E+16
98.84108334,97.56848166,2.6664,7.34E+16
112.4847023,97.57882326,2.6664,6.74E+16
132.9325961,97.60829655,2.6664,5.55E+16
17.1128794,97.64485933,2.6664,8.20E+16
119.3043215,97.6818878,2.6664,6.33E+16
126.1233866,97.69640586,2.6664,5.93E+16
85.19950076,97.70456169,2.6664,7.66E+16
92.02514319,97.71564731,2.6664,7.46E+16
24.09793451,97.74253442,2.6664,8.07E+16
30.92617319,97.7914317,2.6664,8.04E+16
173.5946227,97.89356786,2.6664,2.68E+16
5.687819811,98.176899,2.6664,7.72E+16
219.4418145,98.29008485,2.6664,2.50E+15
204.0835279,98.45970149,2.6664,8.83E+15
10.86446425,99.3931873,2.6664,6.79E+16
197.3618902,99.45349373,2.6664,1.08E+16
222.5422056,100.173341,2.6664,1.28E+15
190.4254628,100.5294218,2.6664,1.24E+16
223.4048228,100.7494249,2.6664,1.01E+15
0,100.7895543,2.6664,5.68E+16
156.787462,100.9074121,2.6664,2.71E+16
170.335443,100.9175177,2.6664,2.05E+16
149.9798948,100.928888,2.6664,3.03E+16
143.1679111,100.9403709,2.6664,3.36E+16
163.5835902,100.9527331,2.6664,2.36E+16
74.98610215,100.9610184,2.6664,5.47E+16
68.21150092,100.9791563,2.6664,5.52E+16
102.2660691,100.9881214,2.6664,4.93E+16
136.3536154,101.0063775,2.6664,3.65E+16
109.0843426,101.0167668,2.6664,4.71E+16
129.5380092,101.033644,2.6664,3.94E+16
95.44746711,101.0338162,2.6664,5.07E+16
115.9028852,101.07517,2.6664,4.45E+16
122.721044,101.0827903,2.6664,4.19E+16
48.6710488,101.0918445,2.6664,5.53E+16
81.80678723,101.1152683,2.6664,5.27E+16
61.40278569,101.1213584,2.6664,5.46E+16
88.62745884,101.1279343,2.6664,5.14E+16
224.0209779,101.1609134,2.6664,8.59E+14
184.2921234,101.1678604,2.6664,1.38E+16
54.46638399,101.2516159,2.6664,5.39E+16
41.83083541,101.3366733,2.6664,5.35E+16
224.4610888,101.4548337,2.6664,7.59E+14
176.8450429,101.4998362,2.6664,1.62E+16
20.92504924,101.6004888,2.6664,5.15E+16
224.7754537,101.6647769,2.6664,6.95E+14
28.12140131,101.7950539,2.6664,5.01E+16
225,101.8147362,2.6664,6.56E+14
34.48353824,101.8459058,2.6664,4.96E+16
215.0650633,101.9222125,2.6664,2.71E+15
6.801637181,102.0471011,2.6664,4.79E+16
219.2554482,102.1950209,2.6664,1.62E+15
13.799169,102.3161445,2.6664,4.61E+16
208.8213594,102.7790004,2.6664,3.76E+15
196.2868588,102.9213249,2.6664,6.82E+15
0,103.05152,2.6664,3.93E+16
189.6028638,103.0935287,2.6664,8.46E+15
201.892642,103.1784556,2.6664,5.12E+15
182.6090186,103.3074257,2.6664,1.01E+16
155.7317179,103.330129,2.6664,1.86E+16
149.073329,103.3403312,2.6664,2.07E+16
162.6272708,103.3416717,2.6664,1.63E+16
169.4756678,103.3488097,2.6664,1.40E+16
73.96795361,103.3500437,2.6664,3.69E+16
142.3858087,103.3508081,2.6664,2.29E+16
101.2439021,103.3595155,2.6664,3.35E+16
135.470432,103.3676687,2.6664,2.50E+16
108.1894537,103.3734388,2.6664,3.21E+16
128.5294375,103.3795218,2.6664,2.70E+16
115.1166463,103.39331,2.6664,3.04E+16
121.8273805,103.396612,2.6664,2.87E+16
67.27836309,103.3972229,2.6664,3.70E+16
94.55257197,103.4014678,2.6664,3.43E+16
60.57274875,103.4208417,2.6664,3.71E+16
176.0315541,103.4223163,2.6664,1.19E+16
80.90997537,103.4421137,2.6664,3.57E+16
87.83803089,103.4478157,2.6664,3.49E+16
53.61119469,103.7391175,2.6664,3.48E+16
39.95627577,103.8107614,2.6664,3.44E+16
46.72078404,103.8374791,2.6664,3.42E+16
19.60642418,103.942648,2.6664,3.32E+16
33.26797918,104.0618825,2.6664,3.26E+16
12.14567834,104.0967709,2.6664,3.23E+16
26.388413,104.143458,2.6664,3.20E+16
5.277939828,104.2292593,2.6664,3.06E+16
190.0947187,104.956497,2.6664,5.28E+15
170.1630574,104.9633709,2.6664,9.24E+15
163.4438463,104.9635302,2.6664,1.07E+16
156.6970428,104.9640874,2.6664,1.22E+16
149.9279919,104.9646055,2.6664,1.37E+16
143.1417916,104.9649511,2.6664,1.52E+16
136.3430871,104.9651368,2.6664,1.67E+16
129.535861,104.9652245,2.6664,1.81E+16
122.7232813,104.965273,2.6664,1.93E+16
115.907651,104.9653176,2.6664,2.05E+16
109.0904763,104.9653767,2.6664,2.16E+16
102.2726255,104.9654529,2.6664,2.25E+16
95.45452881,104.9655408,2.6664,2.33E+16
88.63636221,104.9656324,2.6664,2.39E+16
81.81818182,104.9656896,2.6664,2.44E+16
75,104.9657141,2.6664,2.48E+16
68.18181818,104.9659957,2.6664,2.51E+16
176.8494995,104.9664358,2.6664,7.88E+15
61.36363636,104.9672186,2.6664,2.53E+16
183.4970704,104.9695008,2.6664,6.54E+15
54.54545455,104.9698535,2.6664,2.55E+16
47.72727273,104.9728368,2.6664,2.55E+16
196.6482968,104.9796101,2.6664,4.06E+15
40.90909091,104.9806709,2.6664,2.54E+16
34.09090909,105.010024,2.6664,2.53E+16
27.27272727,105.0808367,2.6664,2.48E+16
203.1770579,105.0809154,2.6664,2.97E+15
20.45454545,105.1845182,2.6664,2.37E+16
209.6693831,105.2118909,2.6664,1.95E+15
13.63636364,105.2704965,2.6664,2.33E+16
0,105.3134856,2.6664,2.21E+16
6.818181818,105.3134856,2.6664,2.27E+16
216.100482,105.3368559,2.6664,1.02E+15
222.4395307,105.4395307,2.6664,6.06E+14
190.3805406,106.0246816,2.6664,3.50E+15
170.2653616,106.0291429,2.6664,6.22E+15
163.5114145,106.0292463,2.6664,7.23E+15
156.7395592,106.029608,2.6664,8.26E+15
149.9532647,106.0299442,2.6664,9.28E+15
143.1558398,106.0301685,2.6664,1.03E+16
136.3502993,106.030289,2.6664,1.13E+16
129.5392281,106.0303459,2.6664,1.23E+16
122.7246822,106.0303775,2.6664,1.31E+16
115.9081564,106.0304064,2.6664,1.39E+16
109.0906282,106.0304448,2.6664,1.46E+16
102.2726612,106.0304942,2.6664,1.53E+16
95.45453465,106.0305513,2.6664,1.58E+16
88.63636271,106.0306107,2.6664,1.62E+16
81.81818182,106.0306478,2.6664,1.66E+16
75,106.0306637,2.6664,1.68E+16
68.18181818,106.0308465,2.6664,1.70E+16
176.9980406,106.0311322,2.6664,5.29E+15
61.36363636,106.0316402,2.6664,1.72E+16
183.7054912,106.0331214,2.6664,4.37E+15
54.54545455,106.0333503,2.6664,1.73E+16
47.72727273,106.0352865,2.6664,1.73E+16
197.0269872,106.0396826,2.6664,2.67E+15
40.90909091,106.0403711,2.6664,1.72E+16
34.09090909,106.0594221,2.6664,1.71E+16
27.27272727,106.1053815,2.6664,1.68E+16
203.6573269,106.1054326,2.6664,1.93E+15
20.45454545,106.1726737,2.6664,1.61E+16
210.2640187,106.1904394,2.6664,1.25E+15
13.63636364,106.228476,2.6664,1.59E+16
6.818181818,106.2563771,2.6664,1.54E+16
0,106.2563771,2.6664,1.51E+16
216.8309729,106.2715451,2.6664,5.68E+14
223.338184,106.338184,2.6664,5.01E+14
190.5846991,106.7876706,2.6664,2.26E+15
170.338436,106.7904087,2.6664,4.08E+15
163.5596775,106.7904721,2.6664,4.75E+15
156.7699281,106.7906941,2.6664,5.44E+15
149.9713167,106.7909005,2.6664,6.12E+15
143.1658743,106.7910381,2.6664,6.80E+15
136.3554509,106.7911121,2.6664,7.47E+15
129.5416331,106.791147,2.6664,8.10E+15
122.7256828,106.7911663,2.6664,8.68E+15
115.9085174,106.7911841,2.6664,9.21E+15
109.0907367,106.7912077,2.6664,9.69E+15
102.2726868,106.791238,2.6664,1.01E+16
95.45453882,106.791273,2.6664,1.04E+16
88.63636307,106.7913095,2.6664,1.07E+16
81.81818182,106.7913323,2.6664,1.10E+16
75,106.7913421,2.6664,1.11E+16
68.18181818,106.7914542,2.6664,1.13E+16
177.1041414,106.7916295,2.6664,3.45E+15
61.36363636,106.7919414,2.6664,1.13E+16
183.8543632,106.7928504,2.6664,2.84E+15
54.54545455,106.7929909,2.6664,1.14E+16
47.72727273,106.7941792,2.6664,1.14E+16
197.2974804,106.7968773,2.6664,1.71E+15
40.90909091,106.7972998,2.6664,1.14E+16
34.09090909,106.8089922,2.6664,1.13E+16
27.27272727,106.8371993,2.6664,1.11E+16
204.0003762,106.8372306,2.6664,1.22E+15
20.45454545,106.8784991,2.6664,1.07E+16
210.6887584,106.8894025,2.6664,7.88E+14
13.63636364,106.9127471,2.6664,1.05E+16
0,106.9298711,2.6664,1.00E+16
6.818181818,106.9298711,2.6664,1.03E+16
217.3527521,106.9391803,2.6664,3.06E+14
223.9800791,106.9800791,2.6664,4.76E+14
190.7305266,107.3326627,2.6664,1.41E+15
170.390632,107.3341699,2.6664,2.59E+15
163.5941511,107.3342048,2.6664,3.02E+15
156.7916201,107.334327,2.6664,3.47E+15
149.984211,107.3344406,2.6664,3.91E+15
143.1730417,107.3345164,2.6664,4.35E+15
136.3591306,107.3345571,2.6664,4.77E+15
129.543351,107.3345763,2.6664,5.18E+15
122.7263975,107.334587,2.6664,5.55E+15
115.9087752,107.3345968,2.6664,5.89E+15
109.0908142,107.3346097,2.6664,6.20E+15
102.272705,107.3346264,2.6664,6.46E+15
95.4545418,107.3346457,2.6664,6.68E+15
88.63636332,107.3346658,2.6664,6.86E+15
81.81818182,107.3346783,2.6664,7.01E+15
75,107.3346837,2.6664,7.11E+15
68.18181818,107.3347454,2.6664,7.19E+15
177.1799277,107.3348419,2.6664,2.18E+15
61.36363636,107.3350136,2.6664,7.23E+15
183.9607003,107.335514,2.6664,1.79E+15
54.54545455,107.3355913,2.6664,7.26E+15
47.72727273,107.3362455,2.6664,7.26E+15
197.4906898,107.3377306,2.6664,1.07E+15
40.90909091,107.3379632,2.6664,7.24E+15
34.09090909,107.3443994,2.6664,7.21E+15
27.27272727,107.3599262,2.6664,7.09E+15
204.2454114,107.3599434,2.6664,7.53E+14
20.45454545,107.38266,2.6664,6.86E+15
210.9921439,107.3886619,2.6664,4.96E+14
13.63636364,107.4015122,2.6664,6.78E+15
0,107.4109382,2.6664,6.47E+15
6.818181818,107.4109382,2.6664,6.62E+15
217.7254515,107.4160625,2.6664,1.64E+14
224.4385757,107.4385757,2.6664,4.96E+14
190.8346891,107.7219428,2.6664,8.46E+14
170.4279148,107.7225708,2.6664,1.55E+15
163.6187751,107.7225854,2.6664,1.81E+15
156.8071144,107.7226363,2.6664,2.07E+15
149.9934213,107.7226836,2.6664,2.34E+15
143.1781613,107.7227152,2.6664,2.60E+15
136.361759,107.7227321,2.6664,2.85E+15
129.5445781,107.7227401,2.6664,3.09E+15
122.7269081,107.7227446,2.6664,3.31E+15
115.9089594,107.7227486,2.6664,3.51E+15
109.0908696,107.722754,2.6664,3.69E+15
102.272718,107.722761,2.6664,3.84E+15
95.45454393,107.722769,2.6664,3.97E+15
88.63636351,107.7227774,2.6664,4.07E+15
81.81818182,107.7227826,2.6664,4.15E+15
75,107.7227849,2.6664,4.21E+15
68.18181818,107.7228106,2.6664,4.24E+15
177.2340608,107.7228508,2.6664,1.31E+15
61.36363636,107.7229223,2.6664,4.26E+15
184.0366554,107.7231308,2.6664,1.07E+15
54.54545455,107.7231631,2.6664,4.28E+15
47.72727273,107.7234356,2.6664,4.27E+15
197.6286965,107.7240544,2.6664,6.43E+14
40.90909091,107.7241513,2.6664,4.25E+15
34.09090909,107.7268331,2.6664,4.24E+15
27.27272727,107.7333026,2.6664,4.19E+15
204.4204366,107.7333098,2.6664,4.57E+14
20.45454545,107.742775,2.6664,4.09E+15
211.2088478,107.7452758,2.6664,3.15E+14
13.63636364,107.7506301,2.6664,4.08E+15
6.818181818,107.7545576,2.6664,4.00E+15
0,107.7545576,2.6664,3.91E+15
217.9916654,107.7566927,2.6664,9.16E+13
224.7660732,107.7660732,2.6664,5.39E+14
54.54545455,108,2.6664,2.53E+15
177.2727273,108,2.6664,7.99E+14
170.4545455,108,2.6664,9.45E+14
184.0909091,108,2.6664,6.57E+14
163.6363636,108,2.6664,1.10E+15
190.9090909,108,2.6664,5.22E+14
197.7272727,108,2.6664,4.01E+14
204.5454545,108,2.6664,2.91E+14
211.3636364,108,2.6664,2.12E+14
218.1818182,108,2.6664,5.58E+13
156.8181818,108,2.6664,1.26E+15
225,108,2.6664,6.04E+14
150,108,2.6664,1.42E+15
143.1818182,108,2.6664,1.58E+15
136.3636364,108,2.6664,1.73E+15
129.5454545,108,2.6664,1.87E+15
122.7272727,108,2.6664,2.00E+15
115.9090909,108,2.6664,2.11E+15
109.0909091,108,2.6664,2.22E+15
102.2727273,108,2.6664,2.31E+15
95.45454545,108,2.6664,2.38E+15
88.63636364,108,2.6664,2.44E+15
81.81818182,108,2.6664,2.48E+15
75,108,2.6664,2.51E+15
68.18181818,108,2.6664,2.52E+15
61.36363636,108,2.6664,2.53E+15
47.72727273,108,2.6664,2.52E+15
40.90909091,108,2.6664,2.51E+15
34.09090909,108,2.6664,2.50E+15
27.27272727,108,2.6664,2.50E+15
20.45454545,108,2.6664,2.47E+15
13.63636364,108,2.6664,2.49E+15
6.818181818,108,2.6664,2.45E+15
0,108,2.6664,2.40E+15
180.3214286,0,2.6798,5.90E+14
187,0,2.6798,5.62E+14
225,0,2.6798,4.48E+14
166.9642857,0,2.6798,6.31E+14
173.6428571,0,2.6798,6.15E+14
160.2857143,0,2.6798,6.44E+14
153.6071429,0,2.6798,6.54E+14
146.9285714,0,2.6798,6.62E+14
140.25,0,2.6798,6.68E+14
133.5714286,0,2.6798,6.73E+14
126.8928571,0,2.6798,6.76E+14
120.2142857,0,2.6798,6.78E+14
113.5357143,0,2.6798,6.79E+14
106.8571429,0,2.6798,6.78E+14
100.1785714,0,2.6798,6.77E+14
93.5,0,2.6798,6.75E+14
86.82142857,0,2.6798,6.72E+14
80.14285714,0,2.6798,6.69E+14
73.46428571,0,2.6798,6.65E+14
66.78571429,0,2.6798,6.61E+14
60.10714286,0,2.6798,6.57E+14
53.42857143,0,2.6798,6.53E+14
46.75,0,2.6798,6.49E+14
40.07142857,0,2.6798,6.46E+14
33.39285714,0,2.6798,6.42E+14
26.71428571,0,2.6798,6.39E+14
20.03571429,0,2.6798,6.37E+14
13.35714286,0,2.6798,6.35E+14
6.678571429,0,2.6798,6.34E+14
0,0,2.6798,6.33E+14
224.727268,1.74E-17,2.6798,5.26E+14
224.3454431,4.19E-17,2.6798,6.41E+14
223.8108883,7.60E-17,2.6798,8.04E+14
223.0625116,1.24E-16,2.6798,1.04E+15
222.0147842,1.91E-16,2.6798,1.36E+15
195.9742829,0.045097657,2.6798,5.08E+15
6.678571429,0.258390454,2.6798,1.68E+15
0,0.258390454,2.6798,1.66E+15
13.35714286,0.26150672,2.6798,1.71E+15
20.03571429,0.267739253,2.6798,1.73E+15
140.25,0.273776342,2.6798,1.41E+15
133.5714286,0.27379988,2.6798,1.47E+15
146.9285714,0.27384241,2.6798,1.35E+15
126.8928571,0.273880775,2.6798,1.52E+15
120.2142857,0.273987512,2.6798,1.57E+15
153.6071429,0.274024354,2.6798,1.29E+15
113.5357143,0.274092872,2.6798,1.61E+15
106.8571429,0.274178413,2.6798,1.65E+15
26.71428571,0.274233792,2.6798,1.76E+15
100.1785714,0.274237429,2.6798,1.68E+15
93.5,0.274273892,2.6798,1.70E+15
86.82142857,0.274300984,2.6798,1.72E+15
160.2857143,0.274329765,2.6798,1.22E+15
80.14285714,0.274341574,2.6798,1.74E+15
73.46428571,0.27442577,2.6798,1.75E+15
40.07142857,0.274489875,2.6798,1.77E+15
66.78571429,0.274582436,2.6798,1.76E+15
166.9642857,0.274736284,2.6798,1.16E+15
60.10714286,0.274816027,2.6798,1.77E+15
46.75,0.275005839,2.6798,1.77E+15
53.42857143,0.2750432,2.6798,1.77E+15
33.39285714,0.275281815,2.6798,1.78E+15
173.6428571,0.349589517,2.6798,1.18E+15
0,0.620137089,2.6798,3.99E+15
6.678571429,0.620137089,2.6798,4.04E+15
13.35714286,0.627616128,2.6798,4.14E+15
20.03571429,0.642574207,2.6798,4.23E+15
140.25,0.65706322,2.6798,2.90E+15
133.5714286,0.657119711,2.6798,3.09E+15
146.9285714,0.657221784,2.6798,2.71E+15
126.8928571,0.65731386,2.6798,3.26E+15
120.2142857,0.657570029,2.6798,3.43E+15
153.6071429,0.657658449,2.6798,2.52E+15
113.5357143,0.657822893,2.6798,3.58E+15
106.8571429,0.658028191,2.6798,3.72E+15
26.71428571,0.6581611,2.6798,4.33E+15
100.1785714,0.65816983,2.6798,3.83E+15
93.5,0.658257342,2.6798,3.95E+15
86.82142857,0.65832236,2.6798,4.03E+15
160.2857143,0.658391436,2.6798,2.31E+15
80.14285714,0.658419778,2.6798,4.11E+15
73.46428571,0.658621847,2.6798,4.17E+15
40.07142857,0.658775699,2.6798,4.33E+15
66.78571429,0.658997846,2.6798,4.22E+15
166.9642857,0.659367082,2.6798,2.12E+15
60.10714286,0.659558466,2.6798,4.26E+15
46.75,0.660014013,2.6798,4.31E+15
53.42857143,0.66010368,2.6798,4.30E+15
33.39285714,0.660676356,2.6798,4.36E+15
180.3214286,0.766136039,2.6798,1.46E+15
173.6428571,0.839014842,2.6798,2.27E+15
0,1.126582378,2.6798,7.51E+15
6.678571429,1.126582378,2.6798,7.63E+15
13.35714286,1.140169299,2.6798,7.82E+15
20.03571429,1.167343142,2.6798,7.99E+15
140.25,1.19366485,2.6798,5.11E+15
133.5714286,1.193767475,2.6798,5.49E+15
146.9285714,1.193952908,2.6798,4.72E+15
126.8928571,1.19412018,2.6798,5.84E+15
120.2142857,1.194585552,2.6798,6.18E+15
153.6071429,1.194746183,2.6798,4.33E+15
113.5357143,1.195044923,2.6798,6.50E+15
106.8571429,1.195417881,2.6798,6.80E+15
26.71428571,1.195659331,2.6798,8.18E+15
100.1785714,1.195675191,2.6798,7.04E+15
93.5,1.195834171,2.6798,7.28E+15
86.82142857,1.195952288,2.6798,7.47E+15
160.2857143,1.196077775,2.6798,3.91E+15
80.14285714,1.196129263,2.6798,7.65E+15
73.46428571,1.196496355,2.6798,7.79E+15
40.07142857,1.196775854,2.6798,8.16E+15
66.78571429,1.19717942,2.6798,7.90E+15
166.9642857,1.197850198,2.6798,3.56E+15
60.10714286,1.198197879,2.6798,7.98E+15
46.75,1.199025457,2.6798,8.12E+15
53.42857143,1.199188351,2.6798,8.08E+15
33.39285714,1.200228714,2.6798,8.24E+15
173.6428571,1.524210296,2.6798,3.74E+15
0,1.835605782,2.6798,1.26E+16
6.678571429,1.835605782,2.6798,1.28E+16
180.3214286,1.838726493,2.6798,3.20E+15
13.35714286,1.857743739,2.6798,1.32E+16
20.03571429,1.902019652,2.6798,1.34E+16
140.25,1.944907131,2.6798,8.30E+15
133.5714286,1.945074345,2.6798,8.97E+15
146.9285714,1.945376482,2.6798,7.62E+15
126.8928571,1.945649027,2.6798,9.58E+15
120.2142857,1.946407285,2.6798,1.02E+16
153.6071429,1.94666901,2.6798,6.95E+15
113.5357143,1.947155764,2.6798,1.07E+16
106.8571429,1.947763447,2.6798,1.13E+16
26.71428571,1.948156855,2.6798,1.37E+16
100.1785714,1.948182696,2.6798,1.17E+16
93.5,1.948441731,2.6798,1.21E+16
86.82142857,1.948634187,2.6798,1.24E+16
160.2857143,1.94883865,2.6798,6.25E+15
80.14285714,1.948922543,2.6798,1.28E+16
73.46428571,1.949520667,2.6798,1.30E+16
40.07142857,1.94997607,2.6798,1.37E+16
66.78571429,1.950633623,2.6798,1.32E+16
166.9642857,1.951726562,2.6798,5.56E+15
60.10714286,1.952293058,2.6798,1.34E+16
46.75,1.953641479,2.6798,1.36E+16
53.42857143,1.953906892,2.6798,1.35E+16
33.39285714,1.955602015,2.6798,1.38E+16
191.8001421,2.123945735,2.6798,4.37E+15
173.6428571,2.483483932,2.6798,6.12E+15
219.4982918,2.490183468,2.6798,2.42E+15
209.3150995,2.773683388,2.6798,5.79E+15
201.8846884,2.801812959,2.6798,7.20E+15
0,2.828238549,2.6798,1.97E+16
6.678571429,2.828238549,2.6798,2.01E+16
13.35714286,2.862347955,2.6798,2.06E+16
20.03571429,2.930566766,2.6798,2.11E+16
140.25,2.996646325,2.6798,1.28E+16
133.5714286,2.996903963,2.6798,1.38E+16
146.9285714,2.997369485,2.6798,1.17E+16
126.8928571,2.997789413,2.6798,1.48E+16
120.2142857,2.99895771,2.6798,1.58E+16
153.6071429,2.999360968,2.6798,1.06E+16
113.5357143,3.000110943,2.6798,1.67E+16
106.8571429,3.001047239,2.6798,1.75E+16
26.71428571,3.001653388,2.6798,2.15E+16
100.1785714,3.001693204,2.6798,1.82E+16
93.5,3.002092316,2.6798,1.89E+16
86.82142857,3.002388845,2.6798,1.94E+16
160.2857143,3.002703875,2.6798,9.52E+15
80.14285714,3.002833134,2.6798,1.99E+16
73.46428571,3.003754703,2.6798,2.03E+16
40.07142857,3.004456373,2.6798,2.14E+16
66.78571429,3.005469508,2.6798,2.06E+16
166.9642857,3.007153471,2.6798,8.39E+15
60.10714286,3.008026309,2.6798,2.09E+16
46.75,3.010103909,2.6798,2.13E+16
53.42857143,3.010512848,2.6798,2.12E+16
33.39285714,3.013124636,2.6798,2.17E+16
183.0579565,3.948048381,2.6798,5.67E+15
3.973150503,4.002719909,2.6798,2.86E+16
14.92075556,4.123849469,2.6798,3.00E+16
34.3514048,4.248538037,2.6798,3.08E+16
21.12088286,4.249810813,2.6798,3.09E+16
8.300116187,4.304322671,2.6798,3.14E+16
27.84701587,4.310626435,2.6798,3.12E+16
40.9812225,4.370771601,2.6798,3.15E+16
94.3535766,4.460354082,2.6798,2.81E+16
47.53797376,4.478657142,2.6798,3.20E+16
74.21137952,4.495743195,2.6798,3.06E+16
54.42668768,4.504054399,2.6798,3.19E+16
87.68879245,4.505742863,2.6798,2.92E+16
100.9355997,4.518487768,2.6798,2.74E+16
127.6376,4.519882411,2.6798,2.22E+16
154.0228093,4.525007521,2.6798,1.58E+16
134.5396414,4.525465283,2.6798,2.07E+16
107.8398779,4.526612908,2.6798,2.63E+16
81.12268116,4.530539603,2.6798,3.02E+16
114.4117029,4.537800405,2.6798,2.51E+16
121.0813466,4.561276107,2.6798,2.39E+16
67.64506664,4.575852131,2.6798,3.16E+16
141.1095032,4.576186908,2.6798,1.93E+16
60.98319463,4.584778501,2.6798,3.21E+16
0,4.594050799,2.6798,3.26E+16
147.7601064,4.605925175,2.6798,1.77E+16
161.674881,5.034870503,2.6798,1.54E+16
176.5550866,5.11844689,2.6798,1.14E+16
197.4232002,5.207879975,2.6798,9.11E+15
188.7157205,5.319440847,2.6798,7.33E+15
169.7212662,5.555563082,2.6798,1.44E+16
14.68469236,5.990412773,2.6798,4.34E+16
4.568829957,5.992545412,2.6798,4.35E+16
215.3022989,6.274621367,2.6798,4.72E+15
20.740539,6.310623065,2.6798,4.61E+16
32.71445955,6.330161895,2.6798,4.60E+16
27.08901844,6.369789011,2.6798,4.65E+16
39.99264921,6.463278746,2.6798,4.67E+16
222.0262421,6.615218572,2.6798,1.80E+15
224.7283148,6.615218572,2.6798,5.91E+14
225,6.615218572,2.6798,4.81E+14
223.8154524,6.615218572,2.6798,9.92E+14
224.3479554,6.615218572,2.6798,7.57E+14
223.0699481,6.615218572,2.6798,1.33E+15
46.80245545,6.633297227,2.6798,4.76E+16
53.44620422,6.681818489,2.6798,4.75E+16
93.48066539,6.752290446,2.6798,4.28E+16
100.1621612,6.776046917,2.6798,4.14E+16
126.8830457,6.789992717,2.6798,3.36E+16
106.8474581,6.795262701,2.6798,3.99E+16
113.5282051,6.797289956,2.6798,3.80E+16
133.5582764,6.797494987,2.6798,3.14E+16
73.45406805,6.802464109,2.6798,4.65E+16
80.12840584,6.804246336,2.6798,4.56E+16
120.2050443,6.868007232,2.6798,3.63E+16
86.80665385,6.87472935,2.6798,4.49E+16
153.3244123,6.88631012,2.6798,2.42E+16
60.11246595,6.908363248,2.6798,4.86E+16
140.2286873,6.941839266,2.6798,2.95E+16
66.7800854,6.947241476,2.6798,4.83E+16
194.0845812,6.949139628,2.6798,1.07E+16
146.8611387,7.090621868,2.6798,2.76E+16
0,7.493953556,2.6798,5.39E+16
202.9822036,7.657434466,2.6798,9.92E+15
159.4700415,7.772474558,2.6798,2.47E+16
10.08818968,7.991418363,2.6798,5.82E+16
184.9921664,8.805106909,2.6798,1.52E+16
166.3578055,8.907009889,2.6798,2.48E+16
219.3183569,9.31452263,2.6798,3.42E+15
43.56078369,9.685289855,2.6798,7.00E+16
179.5184529,9.704873516,2.6798,1.99E+16
5.189005082,9.720912242,2.6798,7.07E+16
23.81730986,9.831308632,2.6798,7.18E+16
210.2897586,9.850513133,2.6798,8.14E+15
173.0310515,10.03374547,2.6798,2.40E+16
103.5010361,10.10177156,2.6798,6.05E+16
110.185682,10.12005548,2.6798,5.79E+16
130.2149534,10.13346821,2.6798,4.84E+16
76.77131271,10.14316951,2.6798,6.87E+16
96.82118545,10.16140608,2.6798,6.33E+16
36.68507861,10.17813998,2.6798,7.38E+16
116.867998,10.19058928,2.6798,5.53E+16
123.5367569,10.21591065,2.6798,5.22E+16
83.45395153,10.21710069,2.6798,6.76E+16
90.12344821,10.2745842,2.6798,6.61E+16
136.8842312,10.29127204,2.6798,4.55E+16
70.09503997,10.30191607,2.6798,7.11E+16
192.028677,10.31525505,2.6798,1.53E+16
16.78549587,10.33068056,2.6798,7.55E+16
63.44406218,10.3703127,2.6798,7.26E+16
30.18093379,10.37415812,2.6798,7.53E+16
50.22142958,10.52013789,2.6798,7.51E+16
56.80361791,10.84329341,2.6798,7.66E+16
150.3393608,10.91192168,2.6798,4.00E+16
198.889153,10.95567855,2.6798,1.38E+16
143.5980581,10.97721712,2.6798,4.44E+16
156.9346436,11.33793662,2.6798,3.73E+16
0,11.69169824,2.6798,8.39E+16
163.3979754,12.70262701,2.6798,3.70E+16
215.9510513,12.70724955,2.6798,5.95E+15
205.5301131,12.8679669,2.6798,1.21E+16
10.75704013,12.94774001,2.6798,9.40E+16
222.0338091,13.23043714,2.6798,2.30E+15
224.7290061,13.23043714,2.6798,6.57E+14
225,13.23043714,2.6798,5.11E+14
223.8184666,13.23043714,2.6798,1.20E+15
224.3496146,13.23043714,2.6798,8.81E+14
223.0748593,13.23043714,2.6798,1.66E+15
220.0906631,14.09705039,2.6798,3.65E+15
21.02780909,14.2985228,2.6798,1.03E+17
170.0308352,14.82933486,2.6798,3.76E+16
100.1744233,15.00668868,2.6798,9.11E+16
106.880694,15.04521222,2.6798,8.74E+16
126.9209386,15.06901998,2.6798,7.39E+16
113.5753177,15.09043478,2.6798,8.35E+16
73.4649091,15.13319641,2.6798,1.03E+17
183.0290857,15.14054676,2.6798,2.78E+16
80.10454612,15.15116751,2.6798,1.01E+17
133.5869438,15.21518438,2.6798,6.93E+16
86.78878199,15.24848128,2.6798,9.88E+16
140.2370011,15.25032759,2.6798,6.40E+16
40.08724163,15.29404318,2.6798,1.10E+17
93.45887366,15.32900062,2.6798,9.63E+16
147.0392467,15.4169636,2.6798,5.88E+16
66.7660673,15.46432013,2.6798,1.07E+17
47.0513781,15.49051462,2.6798,1.10E+17
120.2293224,15.50660181,2.6798,8.09E+16
16.20132093,15.6156802,2.6798,1.13E+17
188.8830168,15.97091632,2.6798,2.51E+16
175.9729965,16.12705236,2.6798,3.55E+16
5.365570751,16.15244298,2.6798,1.16E+17
60.06415975,16.28352333,2.6798,1.14E+17
211.3349807,16.30487952,2.6798,1.01E+16
34.02684296,16.33874721,2.6798,1.17E+17
153.8040551,16.39078918,2.6798,5.61E+16
194.8060768,16.54951299,2.6798,2.17E+16
200.3545979,16.66285836,2.6798,1.80E+16
27.13632652,16.9245958,2.6798,1.22E+17
53.57860729,16.92985094,2.6798,1.19E+17
160.3487553,17.44059579,2.6798,5.31E+16
166.9343755,18.8649027,2.6798,5.04E+16
0,19.06657191,2.6798,1.35E+17
206.0362767,19.57426766,2.6798,1.58E+16
217.1411437,19.63491253,2.6798,6.79E+15
10.82693674,19.64261275,2.6798,1.39E+17
222.0359639,19.84565571,2.6798,2.85E+15
224.729203,19.84565571,2.6798,7.21E+14
225,19.84565571,2.6798,5.38E+14
223.8193249,19.84565571,2.6798,1.42E+15
224.3500871,19.84565571,2.6798,1.01E+15
223.0762578,19.84565571,2.6798,2.01E+15
21.45718387,20.36363595,2.6798,1.44E+17
220.2096053,20.5475225,2.6798,4.43E+15
173.5616967,21.48035493,2.6798,4.91E+16
70.39817555,21.96555353,2.6798,1.47E+17
96.97949878,21.96963733,2.6798,1.33E+17
32.03383482,22.04578619,2.6798,1.54E+17
117.2547528,22.04711349,2.6798,1.16E+17
143.5288702,22.10294694,2.6798,8.68E+16
90.1220312,22.11685168,2.6798,1.38E+17
130.5492458,22.12031656,2.6798,1.02E+17
110.4781732,22.15583368,2.6798,1.23E+17
63.09483866,22.1783002,2.6798,1.51E+17
77.05729929,22.19542994,2.6798,1.46E+17
103.7920592,22.2204789,2.6798,1.29E+17
83.50507366,22.29087389,2.6798,1.43E+17
198.9188755,22.3080739,2.6798,2.41E+16
137.1097132,22.31322833,2.6798,9.53E+16
191.9756263,22.33396329,2.6798,3.08E+16
123.5375268,22.39048111,2.6798,1.11E+17
150.5886303,22.48589771,2.6798,7.94E+16
179.9118833,22.55202737,2.6798,4.39E+16
157.4216916,22.60267588,2.6798,7.13E+16
186.4664688,22.68111292,2.6798,3.70E+16
163.5997904,22.74464335,2.6798,6.40E+16
213.0615407,23.19436737,2.6798,1.13E+16
56.80683847,23.50593941,2.6798,1.60E+17
5.420442549,23.84512276,2.6798,1.66E+17
38.29623396,24.7890471,2.6798,1.71E+17
44.78231348,24.86867015,2.6798,1.71E+17
50.52421995,24.93569698,2.6798,1.71E+17
27.41037123,25.22001168,2.6798,1.74E+17
16.28425077,25.46052923,2.6798,1.76E+17
170.5151981,25.84311645,2.6798,6.19E+16
206.2214044,25.95460662,2.6798,1.93E+16
193.9720168,26.07034728,2.6798,3.27E+16
217.4863512,26.10629562,2.6798,7.85E+15
222.0352157,26.46087429,2.6798,3.38E+15
224.7291346,26.46087429,2.6798,7.80E+14
225,26.46087429,2.6798,5.61E+14
223.8190269,26.46087429,2.6798,1.63E+15
224.349923,26.46087429,2.6798,1.13E+15
223.0757722,26.46087429,2.6798,2.36E+15
220.2428786,27.28101839,2.6798,5.27E+15
182.5132716,27.47431043,2.6798,4.87E+16
188.500877,27.65951122,2.6798,4.11E+16
177.0759098,28.02705317,2.6798,5.69E+16
0,28.32417332,2.6798,1.91E+17
199.0661296,29.01096108,2.6798,2.94E+16
10.8954825,29.35728728,2.6798,1.98E+17
212.9022315,29.49045221,2.6798,1.36E+16
21.89476054,30.40838715,2.6798,2.04E+17
193.195395,31.00808605,2.6798,3.86E+16
120.5277207,31.11763199,2.6798,1.52E+17
66.74154307,31.13305231,2.6798,2.00E+17
114.1006846,31.15121819,2.6798,1.60E+17
73.46114622,31.15715269,2.6798,1.97E+17
146.653959,31.15765098,2.6798,1.12E+17
140.4790979,31.16786978,2.6798,1.22E+17
93.67682494,31.19032673,2.6798,1.83E+17
133.6492095,31.20192694,2.6798,1.33E+17
127.3803824,31.20565652,2.6798,1.42E+17
59.78641601,31.22274116,2.6798,2.03E+17
100.1799349,31.22428158,2.6798,1.77E+17
107.1934742,31.26941055,2.6798,1.69E+17
87.10433696,31.30191336,2.6798,1.89E+17
153.5561438,31.40771942,2.6798,1.01E+17
34.11349275,31.44199045,2.6798,2.09E+17
80.20210719,31.44334166,2.6798,1.94E+17
160.3368915,31.62405317,2.6798,9.00E+16
53.8658075,31.82396857,2.6798,2.08E+17
167.4121866,31.85365867,2.6798,7.87E+16
186.8596638,32.3838627,2.6798,4.89E+16
180.2184929,32.55656769,2.6798,5.92E+16
207.4491679,32.6314574,2.6798,2.12E+16
47.58065208,32.74659837,2.6798,2.14E+17
217.7848677,32.78022092,2.6798,8.77E+15
222.0346041,33.07609286,2.6798,3.88E+15
224.7290787,33.07609286,2.6798,8.34E+14
225,33.07609286,2.6798,5.83E+14
223.8187832,33.07609286,2.6798,1.83E+15
224.3497889,33.07609286,2.6798,1.24E+15
223.0753753,33.07609286,2.6798,2.68E+15
174.3478357,33.17332209,2.6798,6.96E+16
41.95397045,33.20243825,2.6798,2.17E+17
5.468068794,33.91598093,2.6798,2.21E+17
220.4054225,34.03824633,2.6798,5.87E+15
191.8498733,35.28835894,2.6798,4.42E+16
16.45061064,35.38761098,2.6798,2.28E+17
27.74820127,35.62453367,2.6798,2.29E+17
198.9238093,35.63547509,2.6798,3.43E+16
214.1284758,36.21379558,2.6798,1.39E+16
183.072399,37.55355047,2.6798,6.05E+16
143.4773408,37.61828107,2.6798,1.34E+17
137.1288574,37.62082905,2.6798,1.46E+17
38.24090168,37.63505961,2.6798,2.36E+17
187.9213558,37.64428272,2.6798,5.24E+16
130.6491494,37.6982348,2.6798,1.58E+17
124.0243471,37.76115884,2.6798,1.69E+17
149.9235358,37.76188984,2.6798,1.22E+17
117.3256017,37.81600407,2.6798,1.80E+17
70.02888847,37.82570064,2.6798,2.28E+17
110.6012586,37.86085757,2.6798,1.90E+17
76.87385396,37.86611977,2.6798,2.24E+17
83.65590015,37.88664921,2.6798,2.19E+17
63.27471022,37.88826615,2.6798,2.32E+17
103.8715546,37.89022654,2.6798,1.99E+17
90.40605491,37.89982246,2.6798,2.14E+17
97.14129,37.90257005,2.6798,2.07E+17
56.60343845,37.91545533,2.6798,2.34E+17
50.0274104,37.93949876,2.6798,2.36E+17
156.5759771,37.94593559,2.6798,1.10E+17
176.9442395,37.97442258,2.6798,7.17E+16
43.68294116,38.05219512,2.6798,2.38E+17
163.4034617,38.10807094,2.6798,9.71E+16
170.3866406,38.24712843,2.6798,8.41E+16
0,38.85257872,2.6798,2.41E+17
10.99997165,39.30960523,2.6798,2.44E+17
208.9733343,39.37964582,2.6798,2.17E+16
222.0371635,39.69131143,2.6798,4.25E+15
224.7293126,39.69131143,2.6798,8.79E+14
225,39.69131143,2.6798,6.03E+14
223.0770364,39.69131143,2.6798,2.92E+15
223.8198027,39.69131143,2.6798,1.98E+15
224.3503501,39.69131143,2.6798,1.33E+15
217.8395803,39.69211539,2.6798,9.70E+15
192.623894,40.06132295,2.6798,4.66E+16
22.01794544,40.39400138,2.6798,2.48E+17
33.37268249,40.50885629,2.6798,2.48E+17
220.4057995,40.56718424,2.6798,6.43E+15
180.3742915,41.90708318,2.6798,6.94E+16
199.995845,42.43904369,2.6798,3.60E+16
140.4459064,42.65774681,2.6798,1.51E+17
146.3303509,42.81755042,2.6798,1.39E+17
47.1769671,42.8598208,2.6798,2.53E+17
134.2764275,42.90905562,2.6798,1.64E+17
214.2979673,42.96529803,2.6798,1.50E+16
127.7144599,42.98367873,2.6798,1.76E+17
186.2918642,42.99059551,2.6798,5.96E+16
121.0010635,43.03583358,2.6798,1.88E+17
114.2599098,43.09069604,2.6798,1.99E+17
107.5063581,43.13147909,2.6798,2.10E+17
66.60394408,43.15038036,2.6798,2.48E+17
100.7537745,43.15682596,2.6798,2.19E+17
53.19633537,43.16051848,2.6798,2.53E+17
73.57269683,43.16496716,2.6798,2.44E+17
80.4357166,43.16638989,2.6798,2.39E+17
94.00008776,43.16769029,2.6798,2.27E+17
87.23400238,43.16854148,2.6798,2.33E+17
152.8699323,43.18104446,2.6798,1.26E+17
59.67740459,43.31698899,2.6798,2.51E+17
159.7098353,43.45319846,2.6798,1.12E+17
166.8005372,43.70525662,2.6798,9.80E+16
16.51761143,43.78403129,2.6798,2.59E+17
27.70074578,43.785994,2.6798,2.58E+17
5.492516059,43.80711828,2.6798,2.59E+17
39.76355612,43.81558387,2.6798,2.57E+17
174.657145,44.36232074,2.6798,8.28E+16
192.8735889,45.96789579,2.6798,4.94E+16
207.9344988,46.25247304,2.6798,2.48E+16
217.918155,46.30496277,2.6798,1.02E+16
222.0478902,46.30653,2.6798,4.52E+15
224.7302926,46.30653,2.6798,9.14E+14
225,46.30653,2.6798,6.21E+14
223.0839983,46.30653,2.6798,3.10E+15
223.8240756,46.30653,2.6798,2.09E+15
224.3527021,46.30653,2.6798,1.40E+15
143.3530459,46.74949528,2.6798,1.51E+17
50.09256168,47.02136349,2.6798,2.63E+17
22.11012152,47.16043654,2.6798,2.66E+17
11.02330089,47.18662535,2.6798,2.66E+17
220.4836855,47.20959794,2.6798,6.72E+15
33.52204075,47.22066805,2.6798,2.66E+17
0,47.25481549,2.6798,2.66E+17
180.8158659,47.31016498,2.6798,7.26E+16
148.8270304,47.97637191,2.6798,1.41E+17
138.1090685,48.23487985,2.6798,1.64E+17
131.6358859,48.26145827,2.6798,1.78E+17
124.8084359,48.28139614,2.6798,1.91E+17
117.9824799,48.31233465,2.6798,2.03E+17
111.1984563,48.35826957,2.6798,2.15E+17
104.4211834,48.38939675,2.6798,2.25E+17
97.64948597,48.40878364,2.6798,2.34E+17
45.04771307,48.40939696,2.6798,2.66E+17
90.86890334,48.42273134,2.6798,2.41E+17
84.06541966,48.43779021,2.6798,2.48E+17
77.21618527,48.46417839,2.6798,2.53E+17
70.27738063,48.51511903,2.6798,2.58E+17
162.5081814,48.57623364,2.6798,1.12E+17
63.06806855,48.64569405,2.6798,2.62E+17
155.8520309,49.13466559,2.6798,1.27E+17
55.36436449,49.15147465,2.6798,2.65E+17
201.0570336,49.56559429,2.6798,3.64E+16
169.3167034,49.65627993,2.6798,9.77E+16
186.5690099,49.89705363,2.6798,6.25E+16
214.5452416,50.04762377,2.6798,1.54E+16
16.56646812,50.54492574,2.6798,2.71E+17
27.74443554,50.54570046,2.6798,2.71E+17
5.515561311,50.58949206,2.6798,2.71E+17
39.18342234,50.73129341,2.6798,2.71E+17
175.6208566,51.14032967,2.6798,8.50E+16
49.72158763,51.66420262,2.6798,2.69E+17
143.4492708,52.6327373,2.6798,1.57E+17
159.851684,52.9169668,2.6798,1.20E+17
222.0719987,52.92174857,2.6798,4.61E+15
224.7324951,52.92174857,2.6798,9.37E+14
225,52.92174857,2.6798,6.38E+14
223.0996454,52.92174857,2.6798,3.16E+15
223.8336788,52.92174857,2.6798,2.14E+15
224.3579883,52.92174857,2.6798,1.43E+15
217.8110561,52.98470446,2.6798,1.07E+16
193.3982733,53.08164826,2.6798,5.03E+16
208.7375711,53.11763263,2.6798,2.43E+16
150.6077691,53.30271064,2.6798,1.41E+17
128.7637707,53.56053789,2.6798,1.88E+17
181.3327795,53.56778278,2.6798,7.37E+16
121.7840316,53.57569749,2.6798,2.02E+17
114.9198432,53.60503135,2.6798,2.14E+17
136.1502494,53.61671706,2.6798,1.73E+17
108.1059985,53.63381417,2.6798,2.25E+17
101.3116671,53.65575489,2.6798,2.35E+17
94.51809345,53.67498984,2.6798,2.43E+17
87.71382655,53.69689174,2.6798,2.50E+17
80.88237365,53.73399465,2.6798,2.56E+17
74.00944704,53.80463405,2.6798,2.61E+17
22.11758918,53.91400434,2.6798,2.74E+17
11.04723056,53.93880914,2.6798,2.74E+17
33.36740217,53.94028378,2.6798,2.73E+17
67.08456833,53.9490859,2.6798,2.65E+17
220.445517,53.95221096,2.6798,6.93E+15
0,54.00065546,2.6798,2.73E+17
164.9237239,54.1069967,2.6798,1.09E+17
44.52362093,54.1072889,2.6798,2.72E+17
60.17886231,54.2801768,2.6798,2.68E+17
155.9899445,54.48597243,2.6798,1.29E+17
171.0510719,54.97301545,2.6798,9.56E+16
53.84619397,55.00543681,2.6798,2.70E+17
48.96713908,56.03568677,2.6798,2.71E+17
186.8126442,56.32348015,2.6798,6.29E+16
213.3149047,56.58918575,2.6798,1.73E+16
201.7884021,56.66483804,2.6798,3.56E+16
176.5162206,57.00569702,2.6798,8.39E+16
27.65095943,57.25759699,2.6798,2.73E+17
39.00510948,57.27346638,2.6798,2.72E+17
16.58251274,57.28278356,2.6798,2.73E+17
5.528953915,57.34132426,2.6798,2.73E+17
159.9620295,58.22481225,2.6798,1.20E+17
146.8179657,58.58959121,2.6798,1.50E+17
139.7731116,58.62680562,2.6798,1.66E+17
132.6346247,58.80597819,2.6798,1.81E+17
125.5764132,58.84011706,2.6798,1.95E+17
153.6758382,58.85033763,2.6798,1.34E+17
118.6502977,58.86487641,2.6798,2.08E+17
111.7950709,58.89098389,2.6798,2.19E+17
104.9759982,58.91300478,2.6798,2.30E+17
98.17383076,58.93017645,2.6798,2.39E+17
91.36990426,58.94940551,2.6798,2.46E+17
84.55215795,58.98049991,2.6798,2.53E+17
77.71444134,59.03776247,2.6798,2.58E+17
70.87035043,59.14028477,2.6798,2.62E+17
166.9067743,59.19293764,2.6798,1.04E+17
64.10030999,59.31407839,2.6798,2.65E+17
217.5145937,59.34357654,2.6798,1.11E+16
193.2402442,59.43926207,2.6798,5.04E+16
222.1283981,59.53696714,2.6798,4.51E+15
224.7376478,59.53696714,2.6798,9.46E+14
225,59.53696714,2.6798,6.53E+14
223.1362502,59.53696714,2.6798,3.11E+15
223.8561445,59.53696714,2.6798,2.11E+15
224.3703548,59.53696714,2.6798,1.42E+15
57.60966825,59.61532601,2.6798,2.67E+17
172.1896189,59.64243917,2.6798,9.25E+16
181.6748565,59.70714033,2.6798,7.27E+16
51.64449727,60.05754467,2.6798,2.68E+17
208.2731655,60.09459231,2.6798,2.48E+16
45.21675379,60.5288876,2.6798,2.69E+17
33.09931681,60.61414097,2.6798,2.70E+17
22.0911926,60.63318709,2.6798,2.70E+17
11.06738978,60.67236825,2.6798,2.70E+17
0,60.74685042,2.6798,2.69E+17
220.3905239,60.88867308,2.6798,6.92E+15
187.0551088,62.39917132,2.6798,6.12E+16
200.3202782,62.9745847,2.6798,3.72E+16
176.3487773,63.38005344,2.6798,8.22E+16
38.68940628,63.82718402,2.6798,2.64E+17
27.55082698,63.91253859,2.6798,2.64E+17
213.0078001,63.94698478,2.6798,1.72E+16
163.3392944,63.96294149,2.6798,1.10E+17
156.7799225,63.98020428,2.6798,1.24E+17
16.60568687,63.98426552,2.6798,2.64E+17
143.228827,64.04962584,2.6798,1.54E+17
150.1724085,64.07280492,2.6798,1.39E+17
5.541928835,64.07740455,2.6798,2.64E+17
136.254731,64.09050643,2.6798,1.69E+17
129.2759673,64.13468611,2.6798,1.83E+17
122.3433319,64.1549558,2.6798,1.96E+17
115.4653951,64.17285557,2.6798,2.08E+17
108.6249602,64.19188908,2.6798,2.19E+17
170.016467,64.20027667,2.6798,9.50E+16
101.8054485,64.20936916,2.6798,2.28E+17
94.99461791,64.22570602,2.6798,2.36E+17
88.18239083,64.24619336,2.6798,2.43E+17
81.3597866,64.28289956,2.6798,2.49E+17
74.52950157,64.34685001,2.6798,2.53E+17
67.73432165,64.43236214,2.6798,2.56E+17
49.5000328,64.43953902,2.6798,2.61E+17
61.1097157,64.48303256,2.6798,2.59E+17
54.72719554,64.71859716,2.6798,2.60E+17
182.1131271,65.44846306,2.6798,6.92E+16
192.894898,65.82728933,2.6798,4.89E+16
222.2186075,66.15001941,2.6798,4.23E+15
223.1947986,66.15001941,2.6798,2.94E+15
224.7458894,66.15001941,2.6798,9.42E+14
225,66.15001941,2.6798,6.67E+14
223.892078,66.15001941,2.6798,2.03E+15
224.3901347,66.15001941,2.6798,1.38E+15
32.85158756,67.14465679,2.6798,2.56E+17
217.461411,67.1792813,2.6798,1.06E+16
22.11613456,67.27243813,2.6798,2.56E+17
11.10052145,67.37333597,2.6798,2.55E+17
206.5259676,67.45746347,2.6798,2.61E+16
198.8048754,67.73797042,2.6798,3.79E+16
44.3118669,68.03966395,2.6798,2.53E+17
187.3964638,68.16704643,2.6798,5.74E+16
178.5780009,68.61930202,2.6798,7.37E+16
220.6417214,68.84091647,2.6798,6.13E+15
173.3073761,69.06689931,2.6798,8.38E+16
50.89600468,69.2693307,2.6798,2.48E+17
160.1200264,69.33668299,2.6798,1.11E+17
166.8259105,69.34181893,2.6798,9.67E+16
0,69.35626511,2.6798,2.49E+17
153.4088017,69.42904461,2.6798,1.25E+17
37.97510727,69.45080124,2.6798,2.48E+17
146.6113346,69.46219977,2.6798,1.39E+17
139.7335898,69.47124474,2.6798,1.53E+17
132.8383115,69.48503678,2.6798,1.67E+17
125.946023,69.49455738,2.6798,1.80E+17
119.0745806,69.50233345,2.6798,1.91E+17
112.2283111,69.51423305,2.6798,2.02E+17
105.3997607,69.52849637,2.6798,2.12E+17
98.58068256,69.54227724,2.6798,2.20E+17
91.76368212,69.55717446,2.6798,2.27E+17
84.94191462,69.57790504,2.6798,2.33E+17
57.57601103,69.60789064,2.6798,2.46E+17
78.11208909,69.613719,2.6798,2.37E+17
71.28004686,69.6625854,2.6798,2.41E+17
64.46415767,69.68966231,2.6798,2.43E+17
27.60788411,70.38251209,2.6798,2.45E+17
211.0922486,70.47822215,2.6798,1.86E+16
192.8106957,70.53853006,2.6798,4.63E+16
5.712810543,70.93495596,2.6798,2.44E+17
182.781299,70.97924616,2.6798,6.35E+16
16.8032401,72.15808959,2.6798,2.39E+17
199.3608703,72.45668679,2.6798,3.47E+16
222.7694565,72.56101639,2.6798,3.23E+15
223.631029,72.56101639,2.6798,2.17E+15
224.246438,72.56101639,2.6798,1.50E+15
224.6860158,72.56101639,2.6798,9.88E+14
225,72.56101639,2.6798,6.79E+14
216.2045691,72.81174099,2.6798,1.12E+16
188.4027956,73.59918227,2.6798,5.13E+16
205.1028612,73.81000895,2.6798,2.56E+16
41.19193073,74.13270542,2.6798,2.30E+17
46.91246864,74.21119221,2.6798,2.30E+17
11.15482991,74.32859031,2.6798,2.28E+17
170.5743329,75.00065845,2.6798,8.12E+16
177.7104539,75.03701927,2.6798,6.82E+16
53.61555605,75.19083865,2.6798,2.24E+17
220.5162854,75.31228089,2.6798,5.59E+15
61.34134598,75.47053025,2.6798,2.22E+17
33.5299539,75.50029892,2.6798,2.24E+17
193.4203825,75.88667705,2.6798,4.12E+16
122.5312271,76.08895583,2.6798,1.66E+17
88.3214691,76.1177373,2.6798,2.06E+17
136.0714063,76.20605762,2.6798,1.43E+17
74.78597241,76.21217864,2.6798,2.13E+17
109.0015356,76.23811573,2.6798,1.85E+17
81.49495308,76.26536008,2.6798,2.10E+17
143.1133026,76.27755592,2.6798,1.30E+17
115.5256336,76.28432499,2.6798,1.76E+17
95.3991446,76.28935995,2.6798,1.99E+17
157.1171997,76.30832227,2.6798,1.04E+17
102.0652796,76.33989179,2.6798,1.92E+17
150.0872653,76.35071275,2.6798,1.17E+17
129.4266768,76.35138872,2.6798,1.54E+17
22.78769228,76.42864911,2.6798,2.19E+17
67.93103302,76.44319003,2.6798,2.15E+17
209.8259096,76.48829809,2.6798,1.82E+16
163.5393347,76.49297903,2.6798,9.16E+16
183.4051514,76.55636468,2.6798,5.62E+16
225,78.326359,2.6798,6.88E+14
224.3224873,78.326359,2.6798,1.19E+15
223.3739695,78.326359,2.6798,2.08E+15
27.44554796,78.53781471,2.6798,2.07E+17
216.101807,79.10512884,2.6798,9.82E+15
199.5004392,79.30947083,2.6798,2.99E+16
221.4701419,79.67869969,2.6798,3.67E+15
205.9151077,80.12439365,2.6798,2.11E+16
0,80.40561449,2.6798,1.93E+17
210.6403155,81.26145715,2.6798,1.50E+16
187.616135,81.55545733,2.6798,4.36E+16
193.597832,82.24709675,2.6798,3.46E+16
57.57197084,82.29141375,2.6798,1.86E+17
225,83.2,2.6798,7.06E+14
218.1744607,83.23013645,2.6798,6.44E+15
43.52653501,83.45675471,2.6798,1.81E+17
180.539682,83.5383071,2.6798,5.04E+16
50.4527317,83.54061263,2.6798,1.79E+17
17.05457552,83.56125852,2.6798,1.78E+17
37.14736496,83.86889453,2.6798,1.78E+17
174.0117863,83.93243595,2.6798,5.90E+16
213.4361342,84.20552681,2.6798,1.08E+16
167.5748905,84.64677558,2.6798,6.67E+16
153.6834395,84.78308237,2.6798,8.69E+16
5.744549729,84.94541048,2.6798,1.69E+17
30.49025468,84.98470765,2.6798,1.71E+17
221.6133475,85.08916236,2.6798,1.99E+15
64.2850982,85.24349373,2.6798,1.67E+17
118.99574,85.38347534,2.6798,1.32E+17
91.95009445,85.40666682,2.6798,1.55E+17
125.863718,85.48155524,2.6798,1.23E+17
105.5558209,85.48443464,2.6798,1.45E+17
78.38954993,85.50211392,2.6798,1.62E+17
85.09002372,85.5273497,2.6798,1.58E+17
139.4178575,85.53105174,2.6798,1.05E+17
146.7296552,85.55235275,2.6798,9.45E+16
112.4693997,85.60613408,2.6798,1.37E+17
71.40460423,85.62152777,2.6798,1.63E+17
98.65397165,85.65249895,2.6798,1.49E+17
132.5648131,85.7171201,2.6798,1.13E+17
208.7982868,85.8798976,2.6798,1.47E+16
160.2631397,85.8851993,2.6798,7.41E+16
23.4264714,86.32746183,2.6798,1.62E+17
202.8489049,86.47435229,2.6798,2.01E+16
217.5313319,87.46598836,2.6798,6.16E+15
225,87.8,2.6798,7.06E+14
196.7353545,87.97164809,2.6798,2.48E+16
11.15570146,88.52024597,2.6798,1.49E+17
190.5370721,89.17014577,2.6798,2.96E+16
221.2212701,89.65038369,2.6798,2.24E+15
0,89.69560361,2.6798,1.38E+17
183.8393149,89.87080491,2.6798,3.54E+16
54.26924349,90.63461118,2.6798,1.33E+17
47.48159497,90.67734218,2.6798,1.33E+17
17.02301516,90.74108286,2.6798,1.33E+17
177.0722967,90.89761672,2.6798,4.04E+16
212.8219765,90.93864285,2.6798,8.65E+15
60.83153811,91.38852059,2.6798,1.27E+17
34.06986683,91.58529636,2.6798,1.27E+17
223.576144,91.63855729,2.6798,1.19E+15
217.9208024,91.68207798,2.6798,4.68E+15
224.4067267,91.80365558,2.6798,8.87E+14
225,91.92158293,2.6798,6.87E+14
170.5259555,92.06285846,2.6798,4.45E+16
40.73566651,92.28080699,2.6798,1.22E+17
156.8090407,92.28268915,2.6798,5.81E+16
5.608358413,92.30942719,2.6798,1.21E+17
143.1540132,92.32345309,2.6798,7.23E+16
149.9999017,92.37092364,2.6798,6.50E+16
74.92065195,92.38720645,2.6798,1.17E+17
164.0866544,92.40172042,2.6798,5.02E+16
109.025003,92.52898467,2.6798,1.01E+17
102.2041119,92.53578933,2.6798,1.05E+17
136.3298679,92.55382485,2.6798,7.81E+16
81.75994115,92.57737566,2.6798,1.14E+17
206.169391,92.58458294,2.6798,1.25E+16
68.05367927,92.58777632,2.6798,1.17E+17
115.8463157,92.61903195,2.6798,9.56E+16
95.38125204,92.63283618,2.6798,1.08E+17
122.6673513,92.70120713,2.6798,8.98E+16
88.55958457,92.71813975,2.6798,1.11E+17
129.4876379,92.72705241,2.6798,8.37E+16
27.40188863,93.08647554,2.6798,1.16E+17
21.81243782,93.1084828,2.6798,1.15E+17
221.2261825,93.97415706,2.6798,2.48E+15
199.9697379,94.56578379,2.6798,1.50E+16
193.6572497,94.7977009,2.6798,1.90E+16
11.21644389,94.80864666,2.6798,1.03E+17
223.0397924,95.58106078,2.6798,1.51E+15
216.0837096,95.77504177,2.6798,4.68E+15
223.7969447,95.89446184,2.6798,1.16E+15
224.3377677,96.11831974,2.6798,9.36E+14
224.7240699,96.27821824,2.6798,7.80E+14
225,96.39243145,2.6798,6.77E+14
0,96.44802976,2.6798,8.98E+16
51.29489876,96.94342052,2.6798,8.69E+16
180.3567225,96.96759034,2.6798,2.46E+16
71.54321258,96.97952895,2.6798,8.50E+16
57.8473146,97.04228177,2.6798,8.60E+16
167.0495913,97.06717996,2.6798,3.37E+16
210.5075046,97.07653032,2.6798,6.86E+15
186.9139809,97.0957122,2.6798,2.01E+16
44.61049435,97.20784709,2.6798,8.53E+16
78.37145652,97.26580039,2.6798,8.17E+16
64.71379415,97.38457537,2.6798,8.30E+16
160.2056527,97.40165821,2.6798,3.77E+16
153.3900238,97.42438223,2.6798,4.25E+16
146.5737118,97.45606864,2.6798,4.73E+16
37.71785302,97.49946171,2.6798,8.33E+16
139.7574153,97.5011859,2.6798,5.19E+16
105.6655028,97.55442354,2.6798,7.13E+16
98.84108334,97.56848166,2.6798,7.39E+16
112.4847023,97.57882326,2.6798,6.79E+16
132.9325961,97.60829655,2.6798,5.60E+16
17.1128794,97.64485933,2.6798,8.26E+16
119.3043215,97.6818878,2.6798,6.38E+16
126.1233866,97.69640586,2.6798,5.98E+16
85.19950076,97.70456169,2.6798,7.71E+16
92.02514319,97.71564731,2.6798,7.52E+16
24.09793451,97.74253442,2.6798,8.13E+16
30.92617319,97.7914317,2.6798,8.10E+16
173.5946227,97.89356786,2.6798,2.70E+16
5.687819811,98.176899,2.6798,7.78E+16
219.4418145,98.29008485,2.6798,2.52E+15
204.0835279,98.45970149,2.6798,8.90E+15
10.86446425,99.3931873,2.6798,6.84E+16
197.3618902,99.45349373,2.6798,1.09E+16
222.5422056,100.173341,2.6798,1.29E+15
190.4254628,100.5294218,2.6798,1.25E+16
223.4048228,100.7494249,2.6798,1.02E+15
0,100.7895543,2.6798,5.71E+16
156.787462,100.9074121,2.6798,2.73E+16
170.335443,100.9175177,2.6798,2.07E+16
149.9798948,100.928888,2.6798,3.06E+16
143.1679111,100.9403709,2.6798,3.39E+16
163.5835902,100.9527331,2.6798,2.38E+16
74.98610215,100.9610184,2.6798,5.51E+16
68.21150092,100.9791563,2.6798,5.56E+16
102.2660691,100.9881214,2.6798,4.97E+16
136.3536154,101.0063775,2.6798,3.68E+16
109.0843426,101.0167668,2.6798,4.75E+16
129.5380092,101.033644,2.6798,3.97E+16
95.44746711,101.0338162,2.6798,5.11E+16
115.9028852,101.07517,2.6798,4.48E+16
122.721044,101.0827903,2.6798,4.22E+16
48.6710488,101.0918445,2.6798,5.57E+16
81.80678723,101.1152683,2.6798,5.30E+16
61.40278569,101.1213584,2.6798,5.50E+16
88.62745884,101.1279343,2.6798,5.18E+16
224.0209779,101.1609134,2.6798,8.62E+14
184.2921234,101.1678604,2.6798,1.39E+16
54.46638399,101.2516159,2.6798,5.42E+16
41.83083541,101.3366733,2.6798,5.39E+16
224.4610888,101.4548337,2.6798,7.62E+14
176.8450429,101.4998362,2.6798,1.63E+16
20.92504924,101.6004888,2.6798,5.19E+16
224.7754537,101.6647769,2.6798,6.97E+14
28.12140131,101.7950539,2.6798,5.04E+16
225,101.8147362,2.6798,6.57E+14
34.48353824,101.8459058,2.6798,5.00E+16
215.0650633,101.9222125,2.6798,2.74E+15
6.801637181,102.0471011,2.6798,4.82E+16
219.2554482,102.1950209,2.6798,1.63E+15
13.799169,102.3161445,2.6798,4.64E+16
208.8213594,102.7790004,2.6798,3.79E+15
196.2868588,102.9213249,2.6798,6.88E+15
0,103.05152,2.6798,3.96E+16
189.6028638,103.0935287,2.6798,8.52E+15
201.892642,103.1784556,2.6798,5.16E+15
182.6090186,103.3074257,2.6798,1.02E+16
155.7317179,103.330129,2.6798,1.87E+16
149.073329,103.3403312,2.6798,2.09E+16
162.6272708,103.3416717,2.6798,1.64E+16
169.4756678,103.3488097,2.6798,1.41E+16
73.96795361,103.3500437,2.6798,3.72E+16
142.3858087,103.3508081,2.6798,2.30E+16
101.2439021,103.3595155,2.6798,3.38E+16
135.470432,103.3676687,2.6798,2.51E+16
108.1894537,103.3734388,2.6798,3.23E+16
128.5294375,103.3795218,2.6798,2.72E+16
115.1166463,103.39331,2.6798,3.06E+16
121.8273805,103.396612,2.6798,2.89E+16
67.27836309,103.3972229,2.6798,3.73E+16
94.55257197,103.4014678,2.6798,3.46E+16
60.57274875,103.4208417,2.6798,3.73E+16
176.0315541,103.4223163,2.6798,1.20E+16
80.90997537,103.4421137,2.6798,3.60E+16
87.83803089,103.4478157,2.6798,3.51E+16
53.61119469,103.7391175,2.6798,3.51E+16
39.95627577,103.8107614,2.6798,3.47E+16
46.72078404,103.8374791,2.6798,3.45E+16
19.60642418,103.942648,2.6798,3.34E+16
33.26797918,104.0618825,2.6798,3.28E+16
12.14567834,104.0967709,2.6798,3.25E+16
26.388413,104.143458,2.6798,3.22E+16
5.277939828,104.2292593,2.6798,3.08E+16
190.0947187,104.956497,2.6798,5.32E+15
170.1630574,104.9633709,2.6798,9.31E+15
163.4438463,104.9635302,2.6798,1.08E+16
156.6970428,104.9640874,2.6798,1.23E+16
149.9279919,104.9646055,2.6798,1.38E+16
143.1417916,104.9649511,2.6798,1.53E+16
136.3430871,104.9651368,2.6798,1.68E+16
129.535861,104.9652245,2.6798,1.82E+16
122.7232813,104.965273,2.6798,1.95E+16
115.907651,104.9653176,2.6798,2.07E+16
109.0904763,104.9653767,2.6798,2.17E+16
102.2726255,104.9654529,2.6798,2.27E+16
95.45452881,104.9655408,2.6798,2.34E+16
88.63636221,104.9656324,2.6798,2.41E+16
81.81818182,104.9656896,2.6798,2.46E+16
75,104.9657141,2.6798,2.50E+16
68.18181818,104.9659957,2.6798,2.53E+16
176.8494995,104.9664358,2.6798,7.95E+15
61.36363636,104.9672186,2.6798,2.55E+16
183.4970704,104.9695008,2.6798,6.59E+15
54.54545455,104.9698535,2.6798,2.56E+16
47.72727273,104.9728368,2.6798,2.57E+16
196.6482968,104.9796101,2.6798,4.09E+15
40.90909091,104.9806709,2.6798,2.56E+16
34.09090909,105.010024,2.6798,2.54E+16
27.27272727,105.0808367,2.6798,2.49E+16
203.1770579,105.0809154,2.6798,3.00E+15
20.45454545,105.1845182,2.6798,2.39E+16
209.6693831,105.2118909,2.6798,1.96E+15
13.63636364,105.2704965,2.6798,2.35E+16
0,105.3134856,2.6798,2.22E+16
6.818181818,105.3134856,2.6798,2.28E+16
216.100482,105.3368559,2.6798,1.02E+15
222.4395307,105.4395307,2.6798,6.08E+14
190.3805406,106.0246816,2.6798,3.53E+15
170.2653616,106.0291429,2.6798,6.27E+15
163.5114145,106.0292463,2.6798,7.28E+15
156.7395592,106.029608,2.6798,8.32E+15
149.9532647,106.0299442,2.6798,9.35E+15
143.1558398,106.0301685,2.6798,1.04E+16
136.3502993,106.030289,2.6798,1.14E+16
129.5392281,106.0303459,2.6798,1.23E+16
122.7246822,106.0303775,2.6798,1.32E+16
115.9081564,106.0304064,2.6798,1.40E+16
109.0906282,106.0304448,2.6798,1.47E+16
102.2726612,106.0304942,2.6798,1.54E+16
95.45453465,106.0305513,2.6798,1.59E+16
88.63636271,106.0306107,2.6798,1.63E+16
81.81818182,106.0306478,2.6798,1.67E+16
75,106.0306637,2.6798,1.69E+16
68.18181818,106.0308465,2.6798,1.71E+16
176.9980406,106.0311322,2.6798,5.33E+15
61.36363636,106.0316402,2.6798,1.73E+16
183.7054912,106.0331214,2.6798,4.40E+15
54.54545455,106.0333503,2.6798,1.74E+16
47.72727273,106.0352865,2.6798,1.74E+16
197.0269872,106.0396826,2.6798,2.70E+15
40.90909091,106.0403711,2.6798,1.73E+16
34.09090909,106.0594221,2.6798,1.72E+16
27.27272727,106.1053815,2.6798,1.69E+16
203.6573269,106.1054326,2.6798,1.94E+15
20.45454545,106.1726737,2.6798,1.62E+16
210.2640187,106.1904394,2.6798,1.26E+15
13.63636364,106.228476,2.6798,1.60E+16
6.818181818,106.2563771,2.6798,1.55E+16
0,106.2563771,2.6798,1.52E+16
216.8309729,106.2715451,2.6798,5.72E+14
223.338184,106.338184,2.6798,5.03E+14
190.5846991,106.7876706,2.6798,2.28E+15
170.338436,106.7904087,2.6798,4.11E+15
163.5596775,106.7904721,2.6798,4.78E+15
156.7699281,106.7906941,2.6798,5.48E+15
149.9713167,106.7909005,2.6798,6.17E+15
143.1658743,106.7910381,2.6798,6.85E+15
136.3554509,106.7911121,2.6798,7.52E+15
129.5416331,106.791147,2.6798,8.16E+15
122.7256828,106.7911663,2.6798,8.74E+15
115.9085174,106.7911841,2.6798,9.27E+15
109.0907367,106.7912077,2.6798,9.75E+15
102.2726868,106.791238,2.6798,1.02E+16
95.45453882,106.791273,2.6798,1.05E+16
88.63636307,106.7913095,2.6798,1.08E+16
81.81818182,106.7913323,2.6798,1.10E+16
75,106.7913421,2.6798,1.12E+16
68.18181818,106.7914542,2.6798,1.13E+16
177.1041414,106.7916295,2.6798,3.48E+15
61.36363636,106.7919414,2.6798,1.14E+16
183.8543632,106.7928504,2.6798,2.86E+15
54.54545455,106.7929909,2.6798,1.15E+16
47.72727273,106.7941792,2.6798,1.15E+16
197.2974804,106.7968773,2.6798,1.73E+15
40.90909091,106.7972998,2.6798,1.14E+16
34.09090909,106.8089922,2.6798,1.14E+16
27.27272727,106.8371993,2.6798,1.12E+16
204.0003762,106.8372306,2.6798,1.22E+15
20.45454545,106.8784991,2.6798,1.08E+16
210.6887584,106.8894025,2.6798,7.93E+14
13.63636364,106.9127471,2.6798,1.06E+16
0,106.9298711,2.6798,1.01E+16
6.818181818,106.9298711,2.6798,1.03E+16
217.3527521,106.9391803,2.6798,3.07E+14
223.9800791,106.9800791,2.6798,4.77E+14
190.7305266,107.3326627,2.6798,1.42E+15
170.390632,107.3341699,2.6798,2.60E+15
163.5941511,107.3342048,2.6798,3.04E+15
156.7916201,107.334327,2.6798,3.49E+15
149.984211,107.3344406,2.6798,3.93E+15
143.1730417,107.3345164,2.6798,4.37E+15
136.3591306,107.3345571,2.6798,4.80E+15
129.543351,107.3345763,2.6798,5.21E+15
122.7263975,107.334587,2.6798,5.59E+15
115.9087752,107.3345968,2.6798,5.92E+15
109.0908142,107.3346097,2.6798,6.23E+15
102.272705,107.3346264,2.6798,6.50E+15
95.4545418,107.3346457,2.6798,6.72E+15
88.63636332,107.3346658,2.6798,6.90E+15
81.81818182,107.3346783,2.6798,7.05E+15
75,107.3346837,2.6798,7.14E+15
68.18181818,107.3347454,2.6798,7.22E+15
177.1799277,107.3348419,2.6798,2.20E+15
61.36363636,107.3350136,2.6798,7.26E+15
183.9607003,107.335514,2.6798,1.80E+15
54.54545455,107.3355913,2.6798,7.30E+15
47.72727273,107.3362455,2.6798,7.30E+15
197.4906898,107.3377306,2.6798,1.08E+15
40.90909091,107.3379632,2.6798,7.28E+15
34.09090909,107.3443994,2.6798,7.24E+15
27.27272727,107.3599262,2.6798,7.13E+15
204.2454114,107.3599434,2.6798,7.58E+14
20.45454545,107.38266,2.6798,6.89E+15
210.9921439,107.3886619,2.6798,4.99E+14
13.63636364,107.4015122,2.6798,6.81E+15
0,107.4109382,2.6798,6.50E+15
6.818181818,107.4109382,2.6798,6.66E+15
217.7254515,107.4160625,2.6798,1.64E+14
224.4385757,107.4385757,2.6798,4.97E+14
190.8346891,107.7219428,2.6798,8.50E+14
170.4279148,107.7225708,2.6798,1.55E+15
163.6187751,107.7225854,2.6798,1.82E+15
156.8071144,107.7226363,2.6798,2.08E+15
149.9934213,107.7226836,2.6798,2.35E+15
143.1781613,107.7227152,2.6798,2.61E+15
136.361759,107.7227321,2.6798,2.87E+15
129.5445781,107.7227401,2.6798,3.11E+15
122.7269081,107.7227446,2.6798,3.33E+15
115.9089594,107.7227486,2.6798,3.52E+15
109.0908696,107.722754,2.6798,3.70E+15
102.272718,107.722761,2.6798,3.86E+15
95.45454393,107.722769,2.6798,3.98E+15
88.63636351,107.7227774,2.6798,4.09E+15
81.81818182,107.7227826,2.6798,4.17E+15
75,107.7227849,2.6798,4.22E+15
68.18181818,107.7228106,2.6798,4.26E+15
177.2340608,107.7228508,2.6798,1.31E+15
61.36363636,107.7229223,2.6798,4.28E+15
184.0366554,107.7231308,2.6798,1.07E+15
54.54545455,107.7231631,2.6798,4.29E+15
47.72727273,107.7234356,2.6798,4.28E+15
197.6286965,107.7240544,2.6798,6.46E+14
40.90909091,107.7241513,2.6798,4.27E+15
34.09090909,107.7268331,2.6798,4.25E+15
27.27272727,107.7333026,2.6798,4.21E+15
204.4204366,107.7333098,2.6798,4.59E+14
20.45454545,107.742775,2.6798,4.11E+15
211.2088478,107.7452758,2.6798,3.16E+14
13.63636364,107.7506301,2.6798,4.09E+15
6.818181818,107.7545576,2.6798,4.02E+15
0,107.7545576,2.6798,3.92E+15
217.9916654,107.7566927,2.6798,9.17E+13
224.7660732,107.7660732,2.6798,5.40E+14
54.54545455,108,2.6798,2.53E+15
177.2727273,108,2.6798,8.01E+14
170.4545455,108,2.6798,9.47E+14
184.0909091,108,2.6798,6.59E+14
163.6363636,108,2.6798,1.10E+15
190.9090909,108,2.6798,5.23E+14
197.7272727,108,2.6798,4.02E+14
204.5454545,108,2.6798,2.91E+14
211.3636364,108,2.6798,2.12E+14
218.1818182,108,2.6798,5.58E+13
156.8181818,108,2.6798,1.27E+15
225,108,2.6798,6.05E+14
150,108,2.6798,1.43E+15
143.1818182,108,2.6798,1.58E+15
136.3636364,108,2.6798,1.73E+15
129.5454545,108,2.6798,1.87E+15
122.7272727,108,2.6798,2.00E+15
115.9090909,108,2.6798,2.12E+15
109.0909091,108,2.6798,2.22E+15
102.2727273,108,2.6798,2.31E+15
95.45454545,108,2.6798,2.38E+15
88.63636364,108,2.6798,2.44E+15
81.81818182,108,2.6798,2.49E+15
75,108,2.6798,2.51E+15
68.18181818,108,2.6798,2.53E+15
61.36363636,108,2.6798,2.53E+15
47.72727273,108,2.6798,2.52E+15
40.90909091,108,2.6798,2.51E+15
34.09090909,108,2.6798,2.51E+15
27.27272727,108,2.6798,2.50E+15
20.45454545,108,2.6798,2.47E+15
13.63636364,108,2.6798,2.49E+15
6.818181818,108,2.6798,2.46E+15
0,108,2.6798,2.40E+15
,,2.6931,
